Date,Inflation,Unemployment,Credit_Growth,Policy_Rate,EUR_USD,Lending_Rate
2019-01-01,1.7,2.7,1684503.0,-0.1,1.1416409090909,1.63
2019-01-01,1.7,3.4,1684503.0,-0.1,1.1416409090909,1.63
2019-01-01,1.7,3.0,1684503.0,-0.1,1.1416409090909,1.63
2019-02-01,1.7,2.7,1689067.0,-0.1,1.135115,1.65
2019-02-01,1.7,3.3,1689067.0,-0.1,1.135115,1.65
2019-02-01,1.7,3.0,1689067.0,-0.1,1.135115,1.65
2019-03-01,1.4,2.6,1695887.0,-0.1,1.1302476190476,1.65
2019-03-01,1.4,3.3,1695887.0,-0.1,1.1302476190476,1.65
2019-03-01,1.4,3.0,1695887.0,-0.1,1.1302476190476,1.65
2019-04-01,2.1,2.6,1702843.0,-0.1,1.123825,1.62
2019-04-01,2.1,3.2,1702843.0,-0.1,1.123825,1.62
2019-04-01,2.1,2.9,1702843.0,-0.1,1.123825,1.62
2019-05-01,1.3,2.5,1710301.0,-0.1,1.1184590909091,1.57
2019-05-01,1.3,3.2,1710301.0,-0.1,1.1184590909091,1.57
2019-05-01,1.3,2.9,1710301.0,-0.1,1.1184590909091,1.57
2019-06-01,1.5,2.5,1718106.0,-0.1,1.12934,1.55
2019-06-01,1.5,3.2,1718106.0,-0.1,1.12934,1.55
2019-06-01,1.5,2.9,1718106.0,-0.1,1.12934,1.55
2019-07-01,1.1,2.4,1723833.0,-0.1,1.1218391304348,1.57
2019-07-01,1.1,3.2,1723833.0,-0.1,1.1218391304348,1.57
2019-07-01,1.1,2.9,1723833.0,-0.1,1.1218391304348,1.57
2019-08-01,1.0,2.4,1732751.0,-0.1,1.1126227272727,1.52
2019-08-01,1.0,3.3,1732751.0,-0.1,1.1126227272727,1.52
2019-08-01,1.0,2.9,1732751.0,-0.1,1.1126227272727,1.52
2019-09-01,0.9,2.5,1739935.0,-0.1,1.1003904761905,1.54
2019-09-01,0.9,3.3,1739935.0,-0.1,1.1003904761905,1.54
2019-09-01,0.9,2.9,1739935.0,-0.1,1.1003904761905,1.54
2019-10-01,0.9,2.5,1747123.0,-0.1,1.1052565217391,1.56
2019-10-01,0.9,3.3,1747123.0,-0.1,1.1052565217391,1.56
2019-10-01,0.9,2.9,1747123.0,-0.1,1.1052565217391,1.56
2019-11-01,1.2,2.6,1754534.0,-0.1,1.1050952380952,1.55
2019-11-01,1.2,3.3,1754534.0,-0.1,1.1050952380952,1.55
2019-11-01,1.2,3.0,1754534.0,-0.1,1.1050952380952,1.55
2019-12-01,1.5,2.7,1758397.0,-0.1,1.111345,1.56
2019-12-01,1.5,3.4,1758397.0,-0.1,1.111345,1.56
2019-12-01,1.5,3.1,1758397.0,-0.1,1.111345,1.56
2020-01-01,1.6,2.8,1761334.0,-0.1,1.1100363636364,1.55
2020-01-01,1.6,3.5,1761334.0,-0.1,1.1100363636364,1.55
2020-01-01,1.6,3.2,1761334.0,-0.1,1.1100363636364,1.55
2020-02-01,1.7,2.9,1768623.0,-0.1,1.0905,1.52
2020-02-01,1.7,3.6,1768623.0,-0.1,1.0905,1.52
2020-02-01,1.7,3.3,1768623.0,-0.1,1.0905,1.52
2020-03-01,1.3,3.0,1774426.0,-0.1,1.1063409090909,1.46
2020-03-01,1.3,3.7,1774426.0,-0.1,1.1063409090909,1.46
2020-03-01,1.3,3.4,1774426.0,-0.1,1.1063409090909,1.46
2020-04-01,0.8,3.2,1778229.0,-0.1,1.08619,1.47
2020-04-01,0.8,3.9,1778229.0,-0.1,1.08619,1.47
2020-04-01,0.8,3.5,1778229.0,-0.1,1.08619,1.47
2020-05-01,0.5,3.3,1785716.0,-0.1,1.090185,1.46
2020-05-01,0.5,4.0,1785716.0,-0.1,1.090185,1.46
2020-05-01,0.5,3.7,1785716.0,-0.1,1.090185,1.46
2020-06-01,0.8,3.4,1790086.0,-0.1,1.1254590909091,1.5
2020-06-01,0.8,4.1,1790086.0,-0.1,1.1254590909091,1.5
2020-06-01,0.8,3.8,1790086.0,-0.1,1.1254590909091,1.5
2020-07-01,0.0,3.5,1799959.0,-0.1,1.1463391304348,1.52
2020-07-01,0.0,4.2,1799959.0,-0.1,1.1463391304348,1.52
2020-07-01,0.0,3.8,1799959.0,-0.1,1.1463391304348,1.52
2020-08-01,-0.1,3.5,1803728.0,-0.1,1.1828095238095,1.51
2020-08-01,-0.1,4.2,1803728.0,-0.1,1.1828095238095,1.51
2020-08-01,-0.1,3.9,1803728.0,-0.1,1.1828095238095,1.51
2020-09-01,-0.4,3.5,1818703.0,-0.1,1.1792409090909,1.52
2020-09-01,-0.4,4.2,1818703.0,-0.1,1.1792409090909,1.52
2020-09-01,-0.4,3.8,1818703.0,-0.1,1.1792409090909,1.52
2020-10-01,-0.5,3.4,1827249.0,-0.1,1.1775181818182,1.54
2020-10-01,-0.5,4.2,1827249.0,-0.1,1.1775181818182,1.54
2020-10-01,-0.5,3.8,1827249.0,-0.1,1.1775181818182,1.54
2020-11-01,-0.7,3.4,1834526.0,-0.1,1.1837904761905,1.52
2020-11-01,-0.7,4.2,1834526.0,-0.1,1.1837904761905,1.52
2020-11-01,-0.7,3.8,1834526.0,-0.1,1.1837904761905,1.52
2020-12-01,-0.7,3.4,1841986.0,-0.1,1.2169727272727,1.51
2020-12-01,-0.7,4.2,1841986.0,-0.1,1.2169727272727,1.51
2020-12-01,-0.7,3.8,1841986.0,-0.1,1.2169727272727,1.51
2021-01-01,1.6,3.4,1842964.0,-0.1,1.217085,1.5
2021-01-01,1.6,4.2,1842964.0,-0.1,1.217085,1.5
2021-01-01,1.6,3.9,1842964.0,-0.1,1.217085,1.5
2021-02-01,1.6,3.5,1848333.0,-0.1,1.20979,1.49
2021-02-01,1.6,4.3,1848333.0,-0.1,1.20979,1.49
2021-02-01,1.6,3.9,1848333.0,-0.1,1.20979,1.49
2021-03-01,2.0,3.4,1857141.0,-0.1,1.1899086956522,1.4
2021-03-01,2.0,4.2,1857141.0,-0.1,1.1899086956522,1.4
2021-03-01,2.0,3.9,1857141.0,-0.1,1.1899086956522,1.4
2021-04-01,2.1,3.4,1865226.0,-0.1,1.19791,1.56
2021-04-01,2.1,4.1,1865226.0,-0.1,1.19791,1.56
2021-04-01,2.1,3.8,1865226.0,-0.1,1.19791,1.56
2021-05-01,2.4,3.3,1873893.0,-0.1,1.2145904761905,1.47
2021-05-01,2.4,4.0,1873893.0,-0.1,1.2145904761905,1.47
2021-05-01,2.4,3.7,1873893.0,-0.1,1.2145904761905,1.47
2021-06-01,2.1,3.2,1884382.0,-0.1,1.2047090909091,1.47
2021-06-01,2.1,3.9,1884382.0,-0.1,1.2047090909091,1.47
2021-06-01,2.1,3.6,1884382.0,-0.1,1.2047090909091,1.47
2021-07-01,3.1,3.1,1895694.0,-0.1,1.1821818181818,1.48
2021-07-01,3.1,3.8,1895694.0,-0.1,1.1821818181818,1.48
2021-07-01,3.1,3.5,1895694.0,-0.1,1.1821818181818,1.48
2021-08-01,3.4,3.0,1905290.0,-0.1,1.1771818181818,1.44
2021-08-01,3.4,3.8,1905290.0,-0.1,1.1771818181818,1.44
2021-08-01,3.4,3.4,1905290.0,-0.1,1.1771818181818,1.44
2021-09-01,4.1,3.0,1913661.0,-0.1,1.1770318181818,1.49
2021-09-01,4.1,3.8,1913661.0,-0.1,1.1770318181818,1.49
2021-09-01,4.1,3.4,1913661.0,-0.1,1.1770318181818,1.49
2021-10-01,4.6,3.0,1923112.0,-0.1,1.1601476190476,1.44
2021-10-01,4.6,3.8,1923112.0,-0.1,1.1601476190476,1.44
2021-10-01,4.6,3.4,1923112.0,-0.1,1.1601476190476,1.44
2021-11-01,6.0,2.9,1931945.0,-0.1,1.1414045454545,1.39
2021-11-01,6.0,3.8,1931945.0,-0.1,1.1414045454545,1.39
2021-11-01,6.0,3.4,1931945.0,-0.1,1.1414045454545,1.39
2021-12-01,5.7,2.9,1938500.0,-0.1,1.1303782608696,1.36
2021-12-01,5.7,3.7,1938500.0,-0.1,1.1303782608696,1.36
2021-12-01,5.7,3.3,1938500.0,-0.1,1.1303782608696,1.36
2022-01-01,5.1,2.9,1941133.0,-0.1,1.1314476190476,1.43
2022-01-01,5.1,3.7,1941133.0,-0.1,1.1314476190476,1.43
2022-01-01,5.1,3.3,1941133.0,-0.1,1.1314476190476,1.43
2022-02-01,5.5,2.9,1948645.0,-0.1,1.13419,1.42
2022-02-01,5.5,3.6,1948645.0,-0.1,1.13419,1.42
2022-02-01,5.5,3.2,1948645.0,-0.1,1.13419,1.42
2022-03-01,7.6,2.8,1959680.0,-0.1,1.1018956521739,1.49
2022-03-01,7.6,3.5,1959680.0,-0.1,1.1018956521739,1.49
2022-03-01,7.6,3.2,1959680.0,-0.1,1.1018956521739,1.49
2022-04-01,7.8,2.8,1968966.0,-0.1,1.0818736842105,1.51
2022-04-01,7.8,3.4,1968966.0,-0.1,1.0818736842105,1.51
2022-04-01,7.8,3.1,1968966.0,-0.1,1.0818736842105,1.51
2022-05-01,8.7,2.8,1978862.0,-0.1,1.05785,1.55
2022-05-01,8.7,3.4,1978862.0,-0.1,1.05785,1.55
2022-05-01,8.7,3.1,1978862.0,-0.1,1.05785,1.55
2022-06-01,8.2,2.8,1987920.0,-0.1,1.0565818181818,1.83
2022-06-01,8.2,3.4,1987920.0,-0.1,1.0565818181818,1.83
2022-06-01,8.2,3.1,1987920.0,-0.1,1.0565818181818,1.83
2022-07-01,8.5,2.8,1999346.0,0.5,1.0178904761905,1.79
2022-07-01,8.5,3.4,1999346.0,0.5,1.0178904761905,1.79
2022-07-01,8.5,3.1,1999346.0,0.5,1.0178904761905,1.79
2022-08-01,8.8,2.9,2007936.0,0.5,1.0128434782609,1.87
2022-08-01,8.8,3.4,2007936.0,0.5,1.0128434782609,1.87
2022-08-01,8.8,3.1,2007936.0,0.5,1.0128434782609,1.87
2022-09-01,10.9,2.9,2015090.0,0.75,0.9903772727273,2.4
2022-09-01,10.9,3.4,2015090.0,0.75,0.9903772727273,2.4
2022-09-01,10.9,3.1,2015090.0,0.75,0.9903772727273,2.4
2022-10-01,11.6,2.9,2019687.0,0.75,0.9825666666667,2.72
2022-10-01,11.6,3.4,2019687.0,0.75,0.9825666666667,2.72
2022-10-01,11.6,3.1,2019687.0,0.75,0.9825666666667,2.72
2022-11-01,11.3,2.9,2023022.0,0.75,1.0201272727273,3.11
2022-11-01,11.3,3.3,2023022.0,0.75,1.0201272727273,3.11
2022-11-01,11.3,3.1,2023022.0,0.75,1.0201272727273,3.11
2022-12-01,9.6,2.9,2024303.0,0.5,1.058880952381,3.41
2022-12-01,9.6,3.3,2024303.0,0.5,1.058880952381,3.41
2022-12-01,9.6,3.1,2024303.0,0.5,1.058880952381,3.41
2023-01-01,9.2,2.8,2022079.0,0.5,1.0769,3.64
2023-01-01,9.2,3.2,2022079.0,0.5,1.0769,3.64
2023-01-01,9.2,3.1,2022079.0,0.5,1.0769,3.64
2023-02-01,9.3,2.8,2024035.0,0.5,1.07151,3.86
2023-02-01,9.3,3.2,2024035.0,0.5,1.07151,3.86
2023-02-01,9.3,3.0,2024035.0,0.5,1.07151,3.86
2023-03-01,7.8,2.8,2026843.0,0.5,1.0705826086957,4.22
2023-03-01,7.8,3.2,2026843.0,0.5,1.0705826086957,4.22
2023-03-01,7.8,3.0,2026843.0,0.5,1.0705826086957,4.22
2023-04-01,7.6,2.7,2028229.0,0.5,1.0967722222222,4.39
2023-04-01,7.6,3.2,2028229.0,0.5,1.0967722222222,4.39
2023-04-01,7.6,3.0,2028229.0,0.5,1.0967722222222,4.39
2023-05-01,6.3,2.7,2029796.0,0.25,1.08675,4.58
2023-05-01,6.3,3.2,2029796.0,0.25,1.08675,4.58
2023-05-01,6.3,3.0,2029796.0,0.25,1.08675,4.58
2023-06-01,6.8,2.8,2031815.0,0.25,1.0839863636364,4.78
2023-06-01,6.8,3.2,2031815.0,0.25,1.0839863636364,4.78
2023-06-01,6.8,3.0,2031815.0,0.25,1.0839863636364,4.78
2023-07-01,6.5,2.8,2033921.0,0.25,1.1058142857143,4.95
2023-07-01,6.5,3.3,2033921.0,0.25,1.1058142857143,4.95
2023-07-01,6.5,3.0,2033921.0,0.25,1.1058142857143,4.95
2023-08-01,6.4,2.8,2036480.0,0.25,1.0908869565217,5.01
2023-08-01,6.4,3.3,2036480.0,0.25,1.0908869565217,5.01
2023-08-01,6.4,3.1,2036480.0,0.25,1.0908869565217,5.01
2023-09-01,4.3,2.8,2038611.0,0.25,1.068380952381,5.11
2023-09-01,4.3,3.4,2038611.0,0.25,1.068380952381,5.11
2023-09-01,4.3,3.1,2038611.0,0.25,1.068380952381,5.11
2023-10-01,3.0,2.9,2038734.0,0.25,1.0562545454545,5.28
2023-10-01,3.0,3.4,2038734.0,0.25,1.0562545454545,5.28
2023-10-01,3.0,3.1,2038734.0,0.25,1.0562545454545,5.28
2023-11-01,2.3,2.9,2039461.0,0.25,1.0808227272727,5.25
2023-11-01,2.3,3.4,2039461.0,0.25,1.0808227272727,5.25
2023-11-01,2.3,3.2,2039461.0,0.25,1.0808227272727,5.25
2023-12-01,3.8,2.9,2038162.0,0.25,1.0903052631579,5.24
2023-12-01,3.8,3.4,2038162.0,0.25,1.0903052631579,5.24
2023-12-01,3.8,3.2,2038162.0,0.25,1.0903052631579,5.24
2024-01-01,3.1,3.0,2035147.0,0.25,1.0905136363636,5.19
2024-01-01,3.1,3.4,2035147.0,0.25,1.0905136363636,5.19
2024-01-01,3.1,3.2,2035147.0,0.25,1.0905136363636,5.19
2024-02-01,2.7,3.0,2035577.0,0.25,1.0794714285714,5.16
2024-02-01,2.7,3.5,2035577.0,0.25,1.0794714285714,5.16
2024-02-01,2.7,3.2,2035577.0,0.25,1.0794714285714,5.16
2024-03-01,2.3,3.1,2038310.0,0.25,1.08722,5.2
2024-03-01,2.3,3.5,2038310.0,0.25,1.08722,5.2
2024-03-01,2.3,3.3,2038310.0,0.25,1.08722,5.2
2024-04-01,2.4,3.1,2038172.0,0.25,1.0727761904762,5.2
2024-04-01,2.4,3.6,2038172.0,0.25,1.0727761904762,5.2
2024-04-01,2.4,3.4,2038172.0,0.25,1.0727761904762,5.2
2024-05-01,2.8,3.2,2040588.0,0.25,1.0812227272727,5.12
2024-05-01,2.8,3.6,2040588.0,0.25,1.0812227272727,5.12
2024-05-01,2.8,3.4,2040588.0,0.25,1.0812227272727,5.12
2024-06-01,2.5,3.2,2041685.0,-0.25,1.0759,5.08
2024-06-01,2.5,3.6,2041685.0,-0.25,1.0759,5.08
2024-06-01,2.5,3.4,2041685.0,-0.25,1.0759,5.08
2024-07-01,2.6,3.2,2044575.0,-0.25,1.0844086956522,5.06
2024-07-01,2.6,3.6,2044575.0,-0.25,1.0844086956522,5.06
2024-07-01,2.6,3.4,2044575.0,-0.25,1.0844086956522,5.06
2024-08-01,2.0,3.2,2048440.0,-0.25,1.1012181818182,5.01
2024-08-01,2.0,3.6,2048440.0,-0.25,1.1012181818182,5.01
2024-08-01,2.0,3.4,2048440.0,-0.25,1.1012181818182,5.01
2024-09-01,1.8,3.2,2051344.0,-0.25,1.1106,4.8
2024-09-01,1.8,3.6,2051344.0,-0.25,1.1106,4.8
2024-09-01,1.8,3.4,2051344.0,-0.25,1.1106,4.8
2024-10-01,2.4,3.2,2053433.0,-0.25,1.0904347826087,4.67
2024-10-01,2.4,3.6,2053433.0,-0.25,1.0904347826087,4.67
2024-10-01,2.4,3.4,2053433.0,-0.25,1.0904347826087,4.67
2024-11-01,2.4,3.2,2056336.0,-0.25,1.0630142857143,4.52
2024-11-01,2.4,3.6,2056336.0,-0.25,1.0630142857143,4.52
2024-11-01,2.4,3.4,2056336.0,-0.25,1.0630142857143,4.52
2024-12-01,2.8,3.2,2057719.0,-0.25,1.047875,4.36
2024-12-01,2.8,3.7,2057719.0,-0.25,1.047875,4.36
2024-12-01,2.8,3.5,2057719.0,-0.25,1.047875,4.36
2025-01-01,2.8,3.3,2057043.0,-0.25,1.0353727272727,4.25
2025-01-01,2.8,3.8,2057043.0,-0.25,1.0353727272727,4.25
2025-01-01,2.8,3.5,2057043.0,-0.25,1.0353727272727,4.25
2025-02-01,2.6,3.3,2059887.0,-0.25,1.04125,4.11
2025-02-01,2.6,3.9,2059887.0,-0.25,1.04125,4.11
2025-02-01,2.6,3.6,2059887.0,-0.25,1.04125,4.11
2025-03-01,2.3,3.3,2063191.0,-0.25,1.080680952381,3.94
2025-03-01,2.3,3.9,2063191.0,-0.25,1.080680952381,3.94
2025-03-01,2.3,3.6,2063191.0,-0.25,1.080680952381,3.94
2025-04-01,2.2,3.3,2066849.0,-0.25,1.121395,3.8
2025-04-01,2.2,4.0,2066849.0,-0.25,1.121395,3.8
2025-04-01,2.2,3.7,2066849.0,-0.25,1.121395,3.8
2025-05-01,2.1,3.3,2071345.0,-0.25,1.1278047619047618,3.66
2025-05-01,2.1,4.0,2071345.0,-0.25,1.1278047619047618,3.66
2025-05-01,2.1,3.7,2071345.0,-0.25,1.1278047619047618,3.66
2025-06-01,2.0,3.3,2074290.0,-0.25,1.1516190476190478,3.61
2025-06-01,2.0,4.1,2074290.0,-0.25,1.1516190476190478,3.61
2025-06-01,2.0,3.7,2074290.0,-0.25,1.1516190476190478,3.61
2025-07-01,1.8,3.4,2080390.0,-0.25,1.1676869565217392,3.52
2025-07-01,1.8,4.1,2080390.0,-0.25,1.1676869565217392,3.52
2025-07-01,1.8,3.8,2080390.0,-0.25,1.1676869565217392,3.52
2025-08-01,2.1,3.4,2085646.0,-0.25,1.1631428571428577,3.46
2025-08-01,2.1,4.1,2085646.0,-0.25,1.1631428571428577,3.46
2025-08-01,2.1,3.8,2085646.0,-0.25,1.1631428571428577,3.46
2025-09-01,2.4,3.4,2090324.0,-0.25,1.1732227272727274,3.5
2025-09-01,2.4,4.2,2090324.0,-0.25,1.1732227272727274,3.5
2025-09-01,2.4,3.8,2090324.0,-0.25,1.1732227272727274,3.5
2025-10-01,2.3,3.5,2093693.0,-0.25,1.1630434782608696,3.51
2025-10-01,2.3,4.2,2093693.0,-0.25,1.1630434782608696,3.51
2025-10-01,2.3,3.8,2093693.0,-0.25,1.1630434782608696,3.51
2025-11-01,2.6,3.5,2096232.0,-0.25,1.15602,3.5
2025-11-01,2.6,4.2,2096232.0,-0.25,1.15602,3.5
2025-11-01,2.6,3.9,2096232.0,-0.25,1.15602,3.5
2025-12-01,2.0,3.5,2098874.0,-0.25,1.1708714285714283,3.57
2025-12-01,2.0,4.2,2098874.0,-0.25,1.1708714285714283,3.57
2025-12-01,2.0,3.9,2098874.0,-0.25,1.1708714285714283,3.57
2026-01-01,2.0,3.5,2097210.0,-0.25,1.1738238095238096,3.57
2026-01-01,2.0,4.2,2097210.0,-0.25,1.1738238095238096,3.57
2026-01-01,2.0,3.9,2097210.0,-0.25,1.1738238095238096,3.57
2026-02-01,2.0,3.5,2100499.0,-0.25,1.182395,3.51
2026-02-01,2.0,4.2,2100499.0,-0.25,1.182395,3.51
2026-02-01,2.0,3.9,2100499.0,-0.25,1.182395,3.51
2026-03-01,2.0,3.6,2103604.0,-0.25,1.155831818181818,3.59
2026-03-01,2.0,4.2,2103604.0,-0.25,1.155831818181818,3.59
2026-03-01,2.0,3.9,2103604.0,-0.25,1.155831818181818,3.59
2026-04-01,2.0,3.6,2106352.0,-0.25,1.17064,3.62
2026-04-01,2.0,4.2,2106352.0,-0.25,1.17064,3.62
2026-04-01,2.0,3.9,2106352.0,-0.25,1.17064,3.62
2026-05-01,2.0,3.6,2110315.0,-0.25,1.16732,3.64
2026-05-01,2.0,4.2,2110315.0,-0.25,1.16732,3.64
2026-05-01,2.0,3.9,2110315.0,-0.25,1.16732,3.64
2026-06-01,2.0,3.6,2114537.0,0.25,1.1518,3.79
2026-06-01,2.0,4.2,2114537.0,0.25,1.1518,3.79
2026-06-01,2.0,4.0,2114537.0,0.25,1.1518,3.79
2026-07-01,2.0,3.7,2119834.0,0.25,1.1417478260869562,3.8
2026-07-01,2.0,4.3,2119834.0,0.25,1.1417478260869562,3.8
2026-07-01,2.0,4.0,2119834.0,0.25,1.1417478260869562,3.8
2026-08-01,2.0,4.0,2119834.0,0.25,1.159309523809524,3.8
2026-08-01,2.0,4.0,2119834.0,0.25,1.159309523809524,3.8
2026-08-01,2.0,4.0,2119834.0,0.25,1.159309523809524,3.8
2019-01-01,1.0,16.3,699187.0,-0.1,1.1416409090909,1.63
2019-01-01,1.0,12.5,699187.0,-0.1,1.1416409090909,1.63
2019-01-01,1.0,14.3,699187.0,-0.1,1.1416409090909,1.63
2019-02-01,1.1,16.2,698577.0,-0.1,1.135115,1.65
2019-02-01,1.1,12.4,698577.0,-0.1,1.135115,1.65
2019-02-01,1.1,14.2,698577.0,-0.1,1.135115,1.65
2019-03-01,1.3,16.2,699522.0,-0.1,1.1302476190476,1.65
2019-03-01,1.3,12.4,699522.0,-0.1,1.1302476190476,1.65
2019-03-01,1.3,14.2,699522.0,-0.1,1.1302476190476,1.65
2019-04-01,1.6,16.1,699462.0,-0.1,1.123825,1.62
2019-04-01,1.6,12.6,699462.0,-0.1,1.123825,1.62
2019-04-01,1.6,14.2,699462.0,-0.1,1.123825,1.62
2019-05-01,0.9,16.1,700954.0,-0.1,1.1184590909091,1.57
2019-05-01,0.9,12.7,700954.0,-0.1,1.1184590909091,1.57
2019-05-01,0.9,14.3,700954.0,-0.1,1.1184590909091,1.57
2019-06-01,0.6,16.1,708556.0,-0.1,1.12934,1.55
2019-06-01,0.6,12.6,708556.0,-0.1,1.12934,1.55
2019-06-01,0.6,14.2,708556.0,-0.1,1.12934,1.55
2019-07-01,0.6,16.1,700317.0,-0.1,1.1218391304348,1.57
2019-07-01,0.6,12.5,700317.0,-0.1,1.1218391304348,1.57
2019-07-01,0.6,14.2,700317.0,-0.1,1.1218391304348,1.57
2019-08-01,0.4,16.0,699627.0,-0.1,1.1126227272727,1.52
2019-08-01,0.4,12.4,699627.0,-0.1,1.1126227272727,1.52
2019-08-01,0.4,14.1,699627.0,-0.1,1.1126227272727,1.52
2019-09-01,0.2,15.9,697176.0,-0.1,1.1003904761905,1.54
2019-09-01,0.2,12.3,697176.0,-0.1,1.1003904761905,1.54
2019-09-01,0.2,14.0,697176.0,-0.1,1.1003904761905,1.54
2019-10-01,0.2,15.8,695623.0,-0.1,1.1052565217391,1.56
2019-10-01,0.2,12.4,695623.0,-0.1,1.1052565217391,1.56
2019-10-01,0.2,14.0,695623.0,-0.1,1.1052565217391,1.56
2019-11-01,0.5,15.7,706419.0,-0.1,1.1050952380952,1.55
2019-11-01,0.5,12.4,706419.0,-0.1,1.1050952380952,1.55
2019-11-01,0.5,13.9,706419.0,-0.1,1.1050952380952,1.55
2019-12-01,0.8,15.6,697054.0,-0.1,1.111345,1.56
2019-12-01,0.8,12.3,697054.0,-0.1,1.111345,1.56
2019-12-01,0.8,13.8,697054.0,-0.1,1.111345,1.56
2020-01-01,1.1,15.7,695930.0,-0.1,1.1100363636364,1.55
2020-01-01,1.1,12.2,695930.0,-0.1,1.1100363636364,1.55
2020-01-01,1.1,13.8,695930.0,-0.1,1.1100363636364,1.55
2020-02-01,0.9,15.5,695784.0,-0.1,1.0905,1.52
2020-02-01,0.9,11.9,695784.0,-0.1,1.0905,1.52
2020-02-01,0.9,13.6,695784.0,-0.1,1.0905,1.52
2020-03-01,0.1,16.2,693210.0,-0.1,1.1063409090909,1.46
2020-03-01,0.1,13.0,693210.0,-0.1,1.1063409090909,1.46
2020-03-01,0.1,14.5,693210.0,-0.1,1.1063409090909,1.46
2020-04-01,-0.7,16.7,690304.0,-0.1,1.08619,1.47
2020-04-01,-0.7,14.1,690304.0,-0.1,1.08619,1.47
2020-04-01,-0.7,15.3,690304.0,-0.1,1.08619,1.47
2020-05-01,-0.9,17.0,690639.0,-0.1,1.090185,1.46
2020-05-01,-0.9,14.2,690639.0,-0.1,1.090185,1.46
2020-05-01,-0.9,15.5,690639.0,-0.1,1.090185,1.46
2020-06-01,-0.3,17.7,699002.0,-0.1,1.1254590909091,1.5
2020-06-01,-0.3,14.5,699002.0,-0.1,1.1254590909091,1.5
2020-06-01,-0.3,16.0,699002.0,-0.1,1.1254590909091,1.5
2020-07-01,-0.7,18.1,691592.0,-0.1,1.1463391304348,1.52
2020-07-01,-0.7,14.6,691592.0,-0.1,1.1463391304348,1.52
2020-07-01,-0.7,16.2,691592.0,-0.1,1.1463391304348,1.52
2020-08-01,-0.6,18.5,690475.0,-0.1,1.1828095238095,1.51
2020-08-01,-0.6,14.7,690475.0,-0.1,1.1828095238095,1.51
2020-08-01,-0.6,16.5,690475.0,-0.1,1.1828095238095,1.51
2020-09-01,-0.6,18.5,688714.0,-0.1,1.1792409090909,1.52
2020-09-01,-0.6,14.5,688714.0,-0.1,1.1792409090909,1.52
2020-09-01,-0.6,16.4,688714.0,-0.1,1.1792409090909,1.52
2020-10-01,-0.9,18.5,689310.0,-0.1,1.1775181818182,1.54
2020-10-01,-0.9,14.4,689310.0,-0.1,1.1775181818182,1.54
2020-10-01,-0.9,16.3,689310.0,-0.1,1.1775181818182,1.54
2020-11-01,-0.8,18.4,697664.0,-0.1,1.1837904761905,1.52
2020-11-01,-0.8,14.2,697664.0,-0.1,1.1837904761905,1.52
2020-11-01,-0.8,16.2,697664.0,-0.1,1.1837904761905,1.52
2020-12-01,-0.6,18.4,688973.0,-0.1,1.2169727272727,1.51
2020-12-01,-0.6,14.2,688973.0,-0.1,1.2169727272727,1.51
2020-12-01,-0.6,16.2,688973.0,-0.1,1.2169727272727,1.51
2021-01-01,0.4,18.0,686877.0,-0.1,1.217085,1.5
2021-01-01,0.4,14.0,686877.0,-0.1,1.217085,1.5
2021-01-01,0.4,15.9,686877.0,-0.1,1.217085,1.5
2021-02-01,-0.1,17.8,685983.0,-0.1,1.20979,1.49
2021-02-01,-0.1,13.8,685983.0,-0.1,1.20979,1.49
2021-02-01,-0.1,15.7,685983.0,-0.1,1.20979,1.49
2021-03-01,1.2,17.7,687113.0,-0.1,1.1899086956522,1.4
2021-03-01,1.2,13.6,687113.0,-0.1,1.1899086956522,1.4
2021-03-01,1.2,15.5,687113.0,-0.1,1.1899086956522,1.4
2021-04-01,2.0,18.0,687629.0,-0.1,1.19791,1.56
2021-04-01,2.0,13.7,687629.0,-0.1,1.19791,1.56
2021-04-01,2.0,15.7,687629.0,-0.1,1.19791,1.56
2021-05-01,2.4,17.9,688993.0,-0.1,1.2145904761905,1.47
2021-05-01,2.4,13.7,688993.0,-0.1,1.2145904761905,1.47
2021-05-01,2.4,15.7,688993.0,-0.1,1.2145904761905,1.47
2021-06-01,2.5,17.6,699150.0,-0.1,1.2047090909091,1.47
2021-06-01,2.5,13.8,699150.0,-0.1,1.2047090909091,1.47
2021-06-01,2.5,15.6,699150.0,-0.1,1.2047090909091,1.47
2021-07-01,2.9,17.0,692704.0,-0.1,1.1821818181818,1.48
2021-07-01,2.9,13.7,692704.0,-0.1,1.1821818181818,1.48
2021-07-01,2.9,15.2,692704.0,-0.1,1.1821818181818,1.48
2021-08-01,3.3,16.4,690736.0,-0.1,1.1771818181818,1.44
2021-08-01,3.3,13.4,690736.0,-0.1,1.1771818181818,1.44
2021-08-01,3.3,14.8,690736.0,-0.1,1.1771818181818,1.44
2021-09-01,4.0,15.9,690738.0,-0.1,1.1770318181818,1.49
2021-09-01,4.0,12.9,690738.0,-0.1,1.1770318181818,1.49
2021-09-01,4.0,14.4,690738.0,-0.1,1.1770318181818,1.49
2021-10-01,5.4,15.6,691864.0,-0.1,1.1601476190476,1.44
2021-10-01,5.4,12.4,691864.0,-0.1,1.1601476190476,1.44
2021-10-01,5.4,13.9,691864.0,-0.1,1.1601476190476,1.44
2021-11-01,5.5,15.3,700880.0,-0.1,1.1414045454545,1.39
2021-11-01,5.5,12.0,700880.0,-0.1,1.1414045454545,1.39
2021-11-01,5.5,13.5,700880.0,-0.1,1.1414045454545,1.39
2021-12-01,6.6,15.1,692659.0,-0.1,1.1303782608696,1.36
2021-12-01,6.6,11.8,692659.0,-0.1,1.1303782608696,1.36
2021-12-01,6.6,13.3,692659.0,-0.1,1.1303782608696,1.36
2022-01-01,6.2,15.0,691293.0,-0.1,1.1314476190476,1.43
2022-01-01,6.2,11.7,691293.0,-0.1,1.1314476190476,1.43
2022-01-01,6.2,13.3,691293.0,-0.1,1.1314476190476,1.43
2022-02-01,7.6,15.0,690936.0,-0.1,1.13419,1.42
2022-02-01,7.6,11.7,690936.0,-0.1,1.13419,1.42
2022-02-01,7.6,13.2,690936.0,-0.1,1.13419,1.42
2022-03-01,9.8,15.0,692431.0,-0.1,1.1018956521739,1.49
2022-03-01,9.8,11.8,692431.0,-0.1,1.1018956521739,1.49
2022-03-01,9.8,13.3,692431.0,-0.1,1.1018956521739,1.49
2022-04-01,8.3,14.9,694706.0,-0.1,1.0818736842105,1.51
2022-04-01,8.3,11.6,694706.0,-0.1,1.0818736842105,1.51
2022-04-01,8.3,13.2,694706.0,-0.1,1.0818736842105,1.51
2022-05-01,8.5,14.7,695737.0,-0.1,1.05785,1.55
2022-05-01,8.5,11.3,695737.0,-0.1,1.05785,1.55
2022-05-01,8.5,12.9,695737.0,-0.1,1.05785,1.55
2022-06-01,10.0,14.8,705020.0,-0.1,1.0565818181818,1.83
2022-06-01,10.0,11.1,705020.0,-0.1,1.0565818181818,1.83
2022-06-01,10.0,12.9,705020.0,-0.1,1.0565818181818,1.83
2022-07-01,10.7,14.8,697192.0,0.5,1.0178904761905,1.79
2022-07-01,10.7,10.9,697192.0,0.5,1.0178904761905,1.79
2022-07-01,10.7,12.7,697192.0,0.5,1.0178904761905,1.79
2022-08-01,10.5,14.9,695331.0,0.5,1.0128434782609,1.87
2022-08-01,10.5,10.9,695331.0,0.5,1.0128434782609,1.87
2022-08-01,10.5,12.8,695331.0,0.5,1.0128434782609,1.87
2022-09-01,9.0,15.0,695090.0,0.75,0.9903772727273,2.4
2022-09-01,9.0,11.2,695090.0,0.75,0.9903772727273,2.4
2022-09-01,9.0,13.0,695090.0,0.75,0.9903772727273,2.4
2022-10-01,7.3,14.9,694702.0,0.75,0.9825666666667,2.72
2022-10-01,7.3,11.4,694702.0,0.75,0.9825666666667,2.72
2022-10-01,7.3,13.1,694702.0,0.75,0.9825666666667,2.72
2022-11-01,6.7,14.9,703432.0,0.75,1.0201272727273,3.11
2022-11-01,6.7,11.6,703432.0,0.75,1.0201272727273,3.11
2022-11-01,6.7,13.2,703432.0,0.75,1.0201272727273,3.11
2022-12-01,5.5,14.9,691811.0,0.5,1.058880952381,3.41
2022-12-01,5.5,11.6,691811.0,0.5,1.058880952381,3.41
2022-12-01,5.5,13.2,691811.0,0.5,1.058880952381,3.41
2023-01-01,5.9,14.9,687821.0,0.5,1.0769,3.64
2023-01-01,5.9,11.5,687821.0,0.5,1.0769,3.64
2023-01-01,5.9,13.1,687821.0,0.5,1.0769,3.64
2023-02-01,6.0,14.8,684802.0,0.5,1.07151,3.86
2023-02-01,6.0,11.2,684802.0,0.5,1.07151,3.86
2023-02-01,6.0,12.9,684802.0,0.5,1.07151,3.86
2023-03-01,3.1,14.4,684078.0,0.5,1.0705826086957,4.22
2023-03-01,3.1,10.9,684078.0,0.5,1.0705826086957,4.22
2023-03-01,3.1,12.5,684078.0,0.5,1.0705826086957,4.22
2023-04-01,3.8,13.9,683559.0,0.5,1.0967722222222,4.39
2023-04-01,3.8,10.5,683559.0,0.5,1.0967722222222,4.39
2023-04-01,3.8,12.1,683559.0,0.5,1.0967722222222,4.39
2023-05-01,2.9,13.7,681649.0,0.25,1.08675,4.58
2023-05-01,2.9,10.4,681649.0,0.25,1.08675,4.58
2023-05-01,2.9,12.0,681649.0,0.25,1.08675,4.58
2023-06-01,1.6,13.5,691673.0,0.25,1.0839863636364,4.78
2023-06-01,1.6,10.4,691673.0,0.25,1.0839863636364,4.78
2023-06-01,1.6,11.9,691673.0,0.25,1.0839863636364,4.78
2023-07-01,2.1,13.6,680500.0,0.25,1.1058142857143,4.95
2023-07-01,2.1,10.5,680500.0,0.25,1.1058142857143,4.95
2023-07-01,2.1,12.0,680500.0,0.25,1.1058142857143,4.95
2023-08-01,2.4,13.6,678088.0,0.25,1.0908869565217,5.01
2023-08-01,2.4,10.5,678088.0,0.25,1.0908869565217,5.01
2023-08-01,2.4,12.0,678088.0,0.25,1.0908869565217,5.01
2023-09-01,3.3,13.7,677438.0,0.25,1.068380952381,5.11
2023-09-01,3.3,10.5,677438.0,0.25,1.068380952381,5.11
2023-09-01,3.3,12.0,677438.0,0.25,1.068380952381,5.11
2023-10-01,3.5,13.7,675976.0,0.25,1.0562545454545,5.28
2023-10-01,3.5,10.6,675976.0,0.25,1.0562545454545,5.28
2023-10-01,3.5,12.0,675976.0,0.25,1.0562545454545,5.28
2023-11-01,3.3,13.6,686032.0,0.25,1.0808227272727,5.25
2023-11-01,3.3,10.5,686032.0,0.25,1.0808227272727,5.25
2023-11-01,3.3,12.0,686032.0,0.25,1.0808227272727,5.25
2023-12-01,3.3,13.4,674698.0,0.25,1.0903052631579,5.24
2023-12-01,3.3,10.5,674698.0,0.25,1.0903052631579,5.24
2023-12-01,3.3,11.9,674698.0,0.25,1.0903052631579,5.24
2024-01-01,3.5,13.3,671601.0,0.25,1.0905136363636,5.19
2024-01-01,3.5,10.6,671601.0,0.25,1.0905136363636,5.19
2024-01-01,3.5,11.9,671601.0,0.25,1.0905136363636,5.19
2024-02-01,2.9,13.1,670307.0,0.25,1.0794714285714,5.16
2024-02-01,2.9,10.5,670307.0,0.25,1.0794714285714,5.16
2024-02-01,2.9,11.8,670307.0,0.25,1.0794714285714,5.16
2024-03-01,3.3,13.0,671313.0,0.25,1.08722,5.2
2024-03-01,3.3,10.4,671313.0,0.25,1.08722,5.2
2024-03-01,3.3,11.6,671313.0,0.25,1.08722,5.2
2024-04-01,3.4,13.1,671962.0,0.25,1.0727761904762,5.2
2024-04-01,3.4,10.3,671962.0,0.25,1.0727761904762,5.2
2024-04-01,3.4,11.6,671962.0,0.25,1.0727761904762,5.2
2024-05-01,3.8,13.0,673205.0,0.25,1.0812227272727,5.12
2024-05-01,3.8,10.3,673205.0,0.25,1.0812227272727,5.12
2024-05-01,3.8,11.6,673205.0,0.25,1.0812227272727,5.12
2024-06-01,3.6,12.9,685299.0,-0.25,1.0759,5.08
2024-06-01,3.6,10.3,685299.0,-0.25,1.0759,5.08
2024-06-01,3.6,11.5,685299.0,-0.25,1.0759,5.08
2024-07-01,2.9,12.7,676172.0,-0.25,1.0844086956522,5.06
2024-07-01,2.9,10.3,676172.0,-0.25,1.0844086956522,5.06
2024-07-01,2.9,11.4,676172.0,-0.25,1.0844086956522,5.06
2024-08-01,2.4,12.5,675968.0,-0.25,1.1012181818182,5.01
2024-08-01,2.4,10.2,675968.0,-0.25,1.1012181818182,5.01
2024-08-01,2.4,11.3,675968.0,-0.25,1.1012181818182,5.01
2024-09-01,1.7,12.3,676469.0,-0.25,1.1106,4.8
2024-09-01,1.7,10.0,676469.0,-0.25,1.1106,4.8
2024-09-01,1.7,11.1,676469.0,-0.25,1.1106,4.8
2024-10-01,1.8,12.2,678108.0,-0.25,1.0904347826087,4.67
2024-10-01,1.8,9.8,678108.0,-0.25,1.0904347826087,4.67
2024-10-01,1.8,10.9,678108.0,-0.25,1.0904347826087,4.67
2024-11-01,2.4,12.1,690822.0,-0.25,1.0630142857143,4.52
2024-11-01,2.4,9.6,690822.0,-0.25,1.0630142857143,4.52
2024-11-01,2.4,10.8,690822.0,-0.25,1.0630142857143,4.52
2024-12-01,2.8,12.1,680926.0,-0.25,1.047875,4.36
2024-12-01,2.8,9.6,680926.0,-0.25,1.047875,4.36
2024-12-01,2.8,10.8,680926.0,-0.25,1.047875,4.36
2025-01-01,2.9,12.1,680857.0,-0.25,1.0353727272727,4.25
2025-01-01,2.9,9.7,680857.0,-0.25,1.0353727272727,4.25
2025-01-01,2.9,10.8,680857.0,-0.25,1.0353727272727,4.25
2025-02-01,2.9,12.1,681621.0,-0.25,1.04125,4.11
2025-02-01,2.9,9.7,681621.0,-0.25,1.04125,4.11
2025-02-01,2.9,10.8,681621.0,-0.25,1.04125,4.11
2025-03-01,2.2,12.1,684261.0,-0.25,1.080680952381,3.94
2025-03-01,2.2,9.6,684261.0,-0.25,1.080680952381,3.94
2025-03-01,2.2,10.8,684261.0,-0.25,1.080680952381,3.94
2025-04-01,2.2,11.9,686348.0,-0.25,1.121395,3.8
2025-04-01,2.2,9.5,686348.0,-0.25,1.121395,3.8
2025-04-01,2.2,10.6,686348.0,-0.25,1.121395,3.8
2025-05-01,2.0,11.9,689201.0,-0.25,1.1278047619047618,3.66
2025-05-01,2.0,9.4,689201.0,-0.25,1.1278047619047618,3.66
2025-05-01,2.0,10.6,689201.0,-0.25,1.1278047619047618,3.66
2025-06-01,2.3,11.9,703888.0,-0.25,1.1516190476190478,3.61
2025-06-01,2.3,9.3,703888.0,-0.25,1.1516190476190478,3.61
2025-06-01,2.3,10.5,703888.0,-0.25,1.1516190476190478,3.61
2025-07-01,2.7,12.1,695754.0,-0.25,1.1676869565217392,3.52
2025-07-01,2.7,9.2,695754.0,-0.25,1.1676869565217392,3.52
2025-07-01,2.7,10.6,695754.0,-0.25,1.1676869565217392,3.52
2025-08-01,2.7,12.0,696457.0,-0.25,1.1631428571428577,3.46
2025-08-01,2.7,9.1,696457.0,-0.25,1.1631428571428577,3.46
2025-08-01,2.7,10.5,696457.0,-0.25,1.1631428571428577,3.46
2025-09-01,3.0,11.9,698128.0,-0.25,1.1732227272727274,3.5
2025-09-01,3.0,9.0,698128.0,-0.25,1.1732227272727274,3.5
2025-09-01,3.0,10.4,698128.0,-0.25,1.1732227272727274,3.5
2025-10-01,3.2,11.7,701716.0,-0.25,1.1630434782608696,3.51
2025-10-01,3.2,8.9,701716.0,-0.25,1.1630434782608696,3.51
2025-10-01,3.2,10.2,701716.0,-0.25,1.1630434782608696,3.51
2025-11-01,3.2,11.5,715671.0,-0.25,1.15602,3.5
2025-11-01,3.2,8.9,715671.0,-0.25,1.15602,3.5
2025-11-01,3.2,10.1,715671.0,-0.25,1.15602,3.5
2025-12-01,3.0,11.6,707834.0,-0.25,1.1708714285714283,3.57
2025-12-01,3.0,9.0,707834.0,-0.25,1.1708714285714283,3.57
2025-12-01,3.0,10.2,707834.0,-0.25,1.1708714285714283,3.57
2026-01-01,3.0,11.7,708931.0,-0.25,1.1738238095238096,3.57
2026-01-01,3.0,9.0,708931.0,-0.25,1.1738238095238096,3.57
2026-01-01,3.0,10.3,708931.0,-0.25,1.1738238095238096,3.57
2026-02-01,3.0,11.8,710970.0,-0.25,1.182395,3.51
2026-02-01,3.0,9.0,710970.0,-0.25,1.182395,3.51
2026-02-01,3.0,10.3,710970.0,-0.25,1.182395,3.51
2026-03-01,3.0,11.7,711766.0,-0.25,1.155831818181818,3.59
2026-03-01,3.0,9.0,711766.0,-0.25,1.155831818181818,3.59
2026-03-01,3.0,10.3,711766.0,-0.25,1.155831818181818,3.59
2026-04-01,3.0,11.5,703896.0,-0.25,1.17064,3.62
2026-04-01,3.0,9.0,703896.0,-0.25,1.17064,3.62
2026-04-01,3.0,10.2,703896.0,-0.25,1.17064,3.62
2026-05-01,3.0,11.4,706898.0,-0.25,1.16732,3.64
2026-05-01,3.0,9.1,706898.0,-0.25,1.16732,3.64
2026-05-01,3.0,10.2,706898.0,-0.25,1.16732,3.64
2026-06-01,3.0,11.3,710576.0,0.25,1.1518,3.79
2026-06-01,3.0,9.0,710576.0,0.25,1.1518,3.79
2026-06-01,3.0,10.1,710576.0,0.25,1.1518,3.79
2026-07-01,3.0,11.2,714453.0,0.25,1.1417478260869562,3.8
2026-07-01,3.0,8.9,714453.0,0.25,1.1417478260869562,3.8
2026-07-01,3.0,10.0,714453.0,0.25,1.1417478260869562,3.8
2026-08-01,3.0,10.0,714453.0,0.25,1.159309523809524,3.8
2026-08-01,3.0,10.0,714453.0,0.25,1.159309523809524,3.8
2026-08-01,3.0,10.0,714453.0,0.25,1.159309523809524,3.8
2019-01-01,1.4,8.8,1303967.0,-0.1,1.1416409090909,1.63
2019-01-01,1.4,8.7,1303967.0,-0.1,1.1416409090909,1.63
2019-01-01,1.4,8.8,1303967.0,-0.1,1.1416409090909,1.63
2019-02-01,1.6,8.8,1304983.0,-0.1,1.135115,1.65
2019-02-01,1.6,8.7,1304983.0,-0.1,1.135115,1.65
2019-02-01,1.6,8.7,1304983.0,-0.1,1.135115,1.65
2019-03-01,1.3,8.7,1315173.0,-0.1,1.1302476190476,1.65
2019-03-01,1.3,8.7,1315173.0,-0.1,1.1302476190476,1.65
2019-03-01,1.3,8.7,1315173.0,-0.1,1.1302476190476,1.65
2019-04-01,1.5,8.5,1319631.0,-0.1,1.123825,1.62
2019-04-01,1.5,8.6,1319631.0,-0.1,1.123825,1.62
2019-04-01,1.5,8.5,1319631.0,-0.1,1.123825,1.62
2019-05-01,1.1,8.4,1314678.0,-0.1,1.1184590909091,1.57
2019-05-01,1.1,8.5,1314678.0,-0.1,1.1184590909091,1.57
2019-05-01,1.1,8.5,1314678.0,-0.1,1.1184590909091,1.57
2019-06-01,1.4,8.4,1323829.0,-0.1,1.12934,1.55
2019-06-01,1.4,8.5,1323829.0,-0.1,1.12934,1.55
2019-06-01,1.4,8.5,1323829.0,-0.1,1.12934,1.55
2019-07-01,1.3,8.3,1338731.0,-0.1,1.1218391304348,1.57
2019-07-01,1.3,8.5,1338731.0,-0.1,1.1218391304348,1.57
2019-07-01,1.3,8.4,1338731.0,-0.1,1.1218391304348,1.57
2019-08-01,1.3,8.1,1343056.0,-0.1,1.1126227272727,1.52
2019-08-01,1.3,8.5,1343056.0,-0.1,1.1126227272727,1.52
2019-08-01,1.3,8.3,1343056.0,-0.1,1.1126227272727,1.52
2019-09-01,1.1,8.0,1351412.0,-0.1,1.1003904761905,1.54
2019-09-01,1.1,8.3,1351412.0,-0.1,1.1003904761905,1.54
2019-09-01,1.1,8.2,1351412.0,-0.1,1.1003904761905,1.54
2019-10-01,0.9,8.0,1360516.0,-0.1,1.1052565217391,1.56
2019-10-01,0.9,8.3,1360516.0,-0.1,1.1052565217391,1.56
2019-10-01,0.9,8.2,1360516.0,-0.1,1.1052565217391,1.56
2019-11-01,1.2,8.1,1364587.0,-0.1,1.1050952380952,1.55
2019-11-01,1.2,8.3,1364587.0,-0.1,1.1050952380952,1.55
2019-11-01,1.2,8.2,1364587.0,-0.1,1.1050952380952,1.55
2019-12-01,1.6,8.2,1376176.0,-0.1,1.111345,1.56
2019-12-01,1.6,8.2,1376176.0,-0.1,1.111345,1.56
2019-12-01,1.6,8.2,1376176.0,-0.1,1.111345,1.56
2020-01-01,1.7,8.4,1382709.0,-0.1,1.1100363636364,1.55
2020-01-01,1.7,8.1,1382709.0,-0.1,1.1100363636364,1.55
2020-01-01,1.7,8.2,1382709.0,-0.1,1.1100363636364,1.55
2020-02-01,1.6,8.1,1387920.0,-0.1,1.0905,1.52
2020-02-01,1.6,7.6,1387920.0,-0.1,1.0905,1.52
2020-02-01,1.6,7.8,1387920.0,-0.1,1.0905,1.52
2020-03-01,0.8,7.6,1385510.0,-0.1,1.1063409090909,1.46
2020-03-01,0.8,7.5,1385510.0,-0.1,1.1063409090909,1.46
2020-03-01,0.8,7.6,1385510.0,-0.1,1.1063409090909,1.46
2020-04-01,0.4,7.3,1381074.0,-0.1,1.08619,1.47
2020-04-01,0.4,7.8,1381074.0,-0.1,1.08619,1.47
2020-04-01,0.4,7.6,1381074.0,-0.1,1.08619,1.47
2020-05-01,0.4,6.6,1389377.0,-0.1,1.090185,1.46
2020-05-01,0.4,7.2,1389377.0,-0.1,1.090185,1.46
2020-05-01,0.4,6.9,1389377.0,-0.1,1.090185,1.46
2020-06-01,0.2,7.1,1399814.0,-0.1,1.1254590909091,1.5
2020-06-01,0.2,7.6,1399814.0,-0.1,1.1254590909091,1.5
2020-06-01,0.2,7.4,1399814.0,-0.1,1.1254590909091,1.5
2020-07-01,0.9,8.5,1409889.0,-0.1,1.1463391304348,1.52
2020-07-01,0.9,8.7,1409889.0,-0.1,1.1463391304348,1.52
2020-07-01,0.9,8.6,1409889.0,-0.1,1.1463391304348,1.52
2020-08-01,0.2,9.0,1414668.0,-0.1,1.1828095238095,1.51
2020-08-01,0.2,9.1,1414668.0,-0.1,1.1828095238095,1.51
2020-08-01,0.2,9.1,1414668.0,-0.1,1.1828095238095,1.51
2020-09-01,0.0,8.9,1431928.0,-0.1,1.1792409090909,1.52
2020-09-01,0.0,9.1,1431928.0,-0.1,1.1792409090909,1.52
2020-09-01,0.0,9.0,1431928.0,-0.1,1.1792409090909,1.52
2020-10-01,0.1,8.3,1440580.0,-0.1,1.1775181818182,1.54
2020-10-01,0.1,8.3,1440580.0,-0.1,1.1775181818182,1.54
2020-10-01,0.1,8.3,1440580.0,-0.1,1.1775181818182,1.54
2020-11-01,0.2,8.0,1442933.0,-0.1,1.1837904761905,1.52
2020-11-01,0.2,8.1,1442933.0,-0.1,1.1837904761905,1.52
2020-11-01,0.2,8.1,1442933.0,-0.1,1.1837904761905,1.52
2020-12-01,0.0,7.8,1454457.0,-0.1,1.2169727272727,1.51
2020-12-01,0.0,8.1,1454457.0,-0.1,1.2169727272727,1.51
2020-12-01,0.0,7.9,1454457.0,-0.1,1.2169727272727,1.51
2021-01-01,0.8,7.8,1456372.0,-0.1,1.217085,1.5
2021-01-01,0.8,8.3,1456372.0,-0.1,1.217085,1.5
2021-01-01,0.8,8.1,1456372.0,-0.1,1.217085,1.5
2021-02-01,0.8,7.9,1460162.0,-0.1,1.20979,1.49
2021-02-01,0.8,8.5,1460162.0,-0.1,1.20979,1.49
2021-02-01,0.8,8.2,1460162.0,-0.1,1.20979,1.49
2021-03-01,1.4,7.9,1464035.0,-0.1,1.1899086956522,1.4
2021-03-01,1.4,8.4,1464035.0,-0.1,1.1899086956522,1.4
2021-03-01,1.4,8.2,1464035.0,-0.1,1.1899086956522,1.4
2021-04-01,1.6,8.1,1470041.0,-0.1,1.19791,1.56
2021-04-01,1.6,8.3,1470041.0,-0.1,1.19791,1.56
2021-04-01,1.6,8.2,1470041.0,-0.1,1.19791,1.56
2021-05-01,1.8,8.0,1477248.0,-0.1,1.2145904761905,1.47
2021-05-01,1.8,8.0,1477248.0,-0.1,1.2145904761905,1.47
2021-05-01,1.8,8.0,1477248.0,-0.1,1.2145904761905,1.47
2021-06-01,1.9,7.9,1488449.0,-0.1,1.2047090909091,1.47
2021-06-01,1.9,7.9,1488449.0,-0.1,1.2047090909091,1.47
2021-06-01,1.9,7.9,1488449.0,-0.1,1.2047090909091,1.47
2021-07-01,1.5,8.0,1503080.0,-0.1,1.1821818181818,1.48
2021-07-01,1.5,7.9,1503080.0,-0.1,1.1821818181818,1.48
2021-07-01,1.5,8.0,1503080.0,-0.1,1.1821818181818,1.48
2021-08-01,2.4,7.9,1506735.0,-0.1,1.1771818181818,1.44
2021-08-01,2.4,7.9,1506735.0,-0.1,1.1771818181818,1.44
2021-08-01,2.4,7.9,1506735.0,-0.1,1.1771818181818,1.44
2021-09-01,2.7,7.7,1515062.0,-0.1,1.1770318181818,1.49
2021-09-01,2.7,7.8,1515062.0,-0.1,1.1770318181818,1.49
2021-09-01,2.7,7.7,1515062.0,-0.1,1.1770318181818,1.49
2021-10-01,3.2,7.4,1520982.0,-0.1,1.1601476190476,1.44
2021-10-01,3.2,7.6,1520982.0,-0.1,1.1601476190476,1.44
2021-10-01,3.2,7.5,1520982.0,-0.1,1.1601476190476,1.44
2021-11-01,3.4,7.3,1527604.0,-0.1,1.1414045454545,1.39
2021-11-01,3.4,7.6,1527604.0,-0.1,1.1414045454545,1.39
2021-11-01,3.4,7.4,1527604.0,-0.1,1.1414045454545,1.39
2021-12-01,3.4,7.3,1535157.0,-0.1,1.1303782608696,1.36
2021-12-01,3.4,7.5,1535157.0,-0.1,1.1303782608696,1.36
2021-12-01,3.4,7.4,1535157.0,-0.1,1.1303782608696,1.36
2022-01-01,3.3,7.3,1542896.0,-0.1,1.1314476190476,1.43
2022-01-01,3.3,7.3,1542896.0,-0.1,1.1314476190476,1.43
2022-01-01,3.3,7.3,1542896.0,-0.1,1.1314476190476,1.43
2022-02-01,4.2,7.4,1540997.0,-0.1,1.13419,1.42
2022-02-01,4.2,7.3,1540997.0,-0.1,1.13419,1.42
2022-02-01,4.2,7.3,1540997.0,-0.1,1.13419,1.42
2022-03-01,5.1,7.4,1547224.0,-0.1,1.1018956521739,1.49
2022-03-01,5.1,7.4,1547224.0,-0.1,1.1018956521739,1.49
2022-03-01,5.1,7.4,1547224.0,-0.1,1.1018956521739,1.49
2022-04-01,5.4,7.4,1546523.0,-0.1,1.0818736842105,1.51
2022-04-01,5.4,7.6,1546523.0,-0.1,1.0818736842105,1.51
2022-04-01,5.4,7.5,1546523.0,-0.1,1.0818736842105,1.51
2022-05-01,5.8,7.3,1556615.0,-0.1,1.05785,1.55
2022-05-01,5.8,7.7,1556615.0,-0.1,1.05785,1.55
2022-05-01,5.8,7.5,1556615.0,-0.1,1.05785,1.55
2022-06-01,6.5,7.2,1569007.0,-0.1,1.0565818181818,1.83
2022-06-01,6.5,7.7,1569007.0,-0.1,1.0565818181818,1.83
2022-06-01,6.5,7.5,1569007.0,-0.1,1.0565818181818,1.83
2022-07-01,6.8,7.0,1580265.0,0.5,1.0178904761905,1.79
2022-07-01,6.8,7.7,1580265.0,0.5,1.0178904761905,1.79
2022-07-01,6.8,7.4,1580265.0,0.5,1.0178904761905,1.79
2022-08-01,6.6,6.9,1584329.0,0.5,1.0128434782609,1.87
2022-08-01,6.6,7.6,1584329.0,0.5,1.0128434782609,1.87
2022-08-01,6.6,7.2,1584329.0,0.5,1.0128434782609,1.87
2022-09-01,6.2,6.8,1592930.0,0.75,0.9903772727273,2.4
2022-09-01,6.2,7.4,1592930.0,0.75,0.9903772727273,2.4
2022-09-01,6.2,7.1,1592930.0,0.75,0.9903772727273,2.4
2022-10-01,7.1,7.0,1596349.0,0.75,0.9825666666667,2.72
2022-10-01,7.1,7.4,1596349.0,0.75,0.9825666666667,2.72
2022-10-01,7.1,7.2,1596349.0,0.75,0.9825666666667,2.72
2022-11-01,7.1,7.0,1597594.0,0.75,1.0201272727273,3.11
2022-11-01,7.1,7.3,1597594.0,0.75,1.0201272727273,3.11
2022-11-01,7.1,7.1,1597594.0,0.75,1.0201272727273,3.11
2022-12-01,6.7,7.0,1602226.0,0.5,1.058880952381,3.41
2022-12-01,6.7,7.4,1602226.0,0.5,1.058880952381,3.41
2022-12-01,6.7,7.2,1602226.0,0.5,1.058880952381,3.41
2023-01-01,7.0,6.8,1599470.0,0.5,1.0769,3.64
2023-01-01,7.0,7.4,1599470.0,0.5,1.0769,3.64
2023-01-01,7.0,7.1,1599470.0,0.5,1.0769,3.64
2023-02-01,7.3,6.8,1601022.0,0.5,1.07151,3.86
2023-02-01,7.3,7.3,1601022.0,0.5,1.07151,3.86
2023-02-01,7.3,7.1,1601022.0,0.5,1.07151,3.86
2023-03-01,6.7,6.9,1606259.0,0.5,1.0705826086957,4.22
2023-03-01,6.7,7.3,1606259.0,0.5,1.0705826086957,4.22
2023-03-01,6.7,7.1,1606259.0,0.5,1.0705826086957,4.22
2023-04-01,6.9,7.1,1605235.0,0.5,1.0967722222222,4.39
2023-04-01,6.9,7.4,1605235.0,0.5,1.0967722222222,4.39
2023-04-01,6.9,7.3,1605235.0,0.5,1.0967722222222,4.39
2023-05-01,6.0,7.2,1574546.0,0.25,1.08675,4.58
2023-05-01,6.0,7.4,1574546.0,0.25,1.08675,4.58
2023-05-01,6.0,7.3,1574546.0,0.25,1.08675,4.58
2023-06-01,5.3,7.3,1580651.0,0.25,1.0839863636364,4.78
2023-06-01,5.3,7.4,1580651.0,0.25,1.0839863636364,4.78
2023-06-01,5.3,7.3,1580651.0,0.25,1.0839863636364,4.78
2023-07-01,5.1,7.4,1584507.0,0.25,1.1058142857143,4.95
2023-07-01,5.1,7.5,1584507.0,0.25,1.1058142857143,4.95
2023-07-01,5.1,7.4,1584507.0,0.25,1.1058142857143,4.95
2023-08-01,5.7,7.4,1583529.0,0.25,1.0908869565217,5.01
2023-08-01,5.7,7.5,1583529.0,0.25,1.0908869565217,5.01
2023-08-01,5.7,7.4,1583529.0,0.25,1.0908869565217,5.01
2023-09-01,5.7,7.3,1584670.0,0.25,1.068380952381,5.11
2023-09-01,5.7,7.5,1584670.0,0.25,1.068380952381,5.11
2023-09-01,5.7,7.4,1584670.0,0.25,1.068380952381,5.11
2023-10-01,4.5,7.4,1599759.0,0.25,1.0562545454545,5.28
2023-10-01,4.5,7.6,1599759.0,0.25,1.0562545454545,5.28
2023-10-01,4.5,7.5,1599759.0,0.25,1.0562545454545,5.28
2023-11-01,3.9,7.5,1597797.0,0.25,1.0808227272727,5.25
2023-11-01,3.9,7.7,1597797.0,0.25,1.0808227272727,5.25
2023-11-01,3.9,7.6,1597797.0,0.25,1.0808227272727,5.25
2023-12-01,4.1,7.5,1596690.0,0.25,1.0903052631579,5.24
2023-12-01,4.1,7.8,1596690.0,0.25,1.0903052631579,5.24
2023-12-01,4.1,7.6,1596690.0,0.25,1.0903052631579,5.24
2024-01-01,3.4,7.4,1576694.0,0.25,1.0905136363636,5.19
2024-01-01,3.4,7.8,1576694.0,0.25,1.0905136363636,5.19
2024-01-01,3.4,7.6,1576694.0,0.25,1.0905136363636,5.19
2024-02-01,3.2,7.4,1573707.0,0.25,1.0794714285714,5.16
2024-02-01,3.2,7.6,1573707.0,0.25,1.0794714285714,5.16
2024-02-01,3.2,7.5,1573707.0,0.25,1.0794714285714,5.16
2024-03-01,2.4,7.3,1574362.0,0.25,1.08722,5.2
2024-03-01,2.4,7.5,1574362.0,0.25,1.08722,5.2
2024-03-01,2.4,7.4,1574362.0,0.25,1.08722,5.2
2024-04-01,2.4,7.4,1571624.0,0.25,1.0727761904762,5.2
2024-04-01,2.4,7.3,1571624.0,0.25,1.0727761904762,5.2
2024-04-01,2.4,7.3,1571624.0,0.25,1.0727761904762,5.2
2024-05-01,2.6,7.5,1566674.0,0.25,1.0812227272727,5.12
2024-05-01,2.6,7.3,1566674.0,0.25,1.0812227272727,5.12
2024-05-01,2.6,7.4,1566674.0,0.25,1.0812227272727,5.12
2024-06-01,2.5,7.5,1566392.0,-0.25,1.0759,5.08
2024-06-01,2.5,7.5,1566392.0,-0.25,1.0759,5.08
2024-06-01,2.5,7.5,1566392.0,-0.25,1.0759,5.08
2024-07-01,2.7,7.3,1571385.0,-0.25,1.0844086956522,5.06
2024-07-01,2.7,7.7,1571385.0,-0.25,1.0844086956522,5.06
2024-07-01,2.7,7.5,1571385.0,-0.25,1.0844086956522,5.06
2024-08-01,2.2,7.2,1568683.0,-0.25,1.1012181818182,5.01
2024-08-01,2.2,7.8,1568683.0,-0.25,1.1012181818182,5.01
2024-08-01,2.2,7.5,1568683.0,-0.25,1.1012181818182,5.01
2024-09-01,1.4,7.1,1569310.0,-0.25,1.1106,4.8
2024-09-01,1.4,7.8,1569310.0,-0.25,1.1106,4.8
2024-09-01,1.4,7.5,1569310.0,-0.25,1.1106,4.8
2024-10-01,1.6,7.2,1563708.0,-0.25,1.0904347826087,4.67
2024-10-01,1.6,7.6,1563708.0,-0.25,1.0904347826087,4.67
2024-10-01,1.6,7.4,1563708.0,-0.25,1.0904347826087,4.67
2024-11-01,1.7,7.2,1563093.0,-0.25,1.0630142857143,4.52
2024-11-01,1.7,7.5,1563093.0,-0.25,1.0630142857143,4.52
2024-11-01,1.7,7.4,1563093.0,-0.25,1.0630142857143,4.52
2024-12-01,1.8,7.3,1567061.0,-0.25,1.047875,4.36
2024-12-01,1.8,7.4,1567061.0,-0.25,1.047875,4.36
2024-12-01,1.8,7.3,1567061.0,-0.25,1.047875,4.36
2025-01-01,1.8,7.4,1566324.0,-0.25,1.0353727272727,4.25
2025-01-01,1.8,7.3,1566324.0,-0.25,1.0353727272727,4.25
2025-01-01,1.8,7.3,1566324.0,-0.25,1.0353727272727,4.25
2025-02-01,0.9,7.6,1565397.0,-0.25,1.04125,4.11
2025-02-01,0.9,7.5,1565397.0,-0.25,1.04125,4.11
2025-02-01,0.9,7.5,1565397.0,-0.25,1.04125,4.11
2025-03-01,0.9,7.6,1569005.0,-0.25,1.080680952381,3.94
2025-03-01,0.9,7.6,1569005.0,-0.25,1.080680952381,3.94
2025-03-01,0.9,7.6,1569005.0,-0.25,1.080680952381,3.94
2025-04-01,0.9,7.4,1569585.0,-0.25,1.121395,3.8
2025-04-01,0.9,7.6,1569585.0,-0.25,1.121395,3.8
2025-04-01,0.9,7.5,1569585.0,-0.25,1.121395,3.8
2025-05-01,0.6,7.4,1567026.0,-0.25,1.1278047619047618,3.66
2025-05-01,0.6,7.8,1567026.0,-0.25,1.1278047619047618,3.66
2025-05-01,0.6,7.6,1567026.0,-0.25,1.1278047619047618,3.66
2025-06-01,0.9,7.5,1570949.0,-0.25,1.1516190476190478,3.61
2025-06-01,0.9,7.8,1570949.0,-0.25,1.1516190476190478,3.61
2025-06-01,0.9,7.7,1570949.0,-0.25,1.1516190476190478,3.61
2025-07-01,0.9,7.7,1574602.0,-0.25,1.1676869565217392,3.52
2025-07-01,0.9,7.8,1574602.0,-0.25,1.1676869565217392,3.52
2025-07-01,0.9,7.7,1574602.0,-0.25,1.1676869565217392,3.52
2025-08-01,0.8,7.7,1572084.0,-0.25,1.1631428571428577,3.46
2025-08-01,0.8,7.8,1572084.0,-0.25,1.1631428571428577,3.46
2025-08-01,0.8,7.8,1572084.0,-0.25,1.1631428571428577,3.46
2025-09-01,1.1,7.9,1576271.0,-0.25,1.1732227272727274,3.5
2025-09-01,1.1,7.9,1576271.0,-0.25,1.1732227272727274,3.5
2025-09-01,1.1,7.9,1576271.0,-0.25,1.1732227272727274,3.5
2025-10-01,0.8,7.9,1568804.0,-0.25,1.1630434782608696,3.51
2025-10-01,0.8,8.1,1568804.0,-0.25,1.1630434782608696,3.51
2025-10-01,0.8,8.0,1568804.0,-0.25,1.1630434782608696,3.51
2025-11-01,0.8,7.7,1569426.0,-0.25,1.15602,3.5
2025-11-01,0.8,8.2,1569426.0,-0.25,1.15602,3.5
2025-11-01,0.8,8.0,1569426.0,-0.25,1.15602,3.5
2025-12-01,0.7,7.7,1574421.0,-0.25,1.1708714285714283,3.57
2025-12-01,0.7,8.3,1574421.0,-0.25,1.1708714285714283,3.57
2025-12-01,0.7,8.0,1574421.0,-0.25,1.1708714285714283,3.57
2026-01-01,0.7,7.7,1571609.0,-0.25,1.1738238095238096,3.57
2026-01-01,0.7,8.4,1571609.0,-0.25,1.1738238095238096,3.57
2026-01-01,0.7,8.1,1571609.0,-0.25,1.1738238095238096,3.57
2026-02-01,0.7,7.8,1569620.0,-0.25,1.182395,3.51
2026-02-01,0.7,8.5,1569620.0,-0.25,1.182395,3.51
2026-02-01,0.7,8.2,1569620.0,-0.25,1.182395,3.51
2026-03-01,0.7,7.9,1573160.0,-0.25,1.155831818181818,3.59
2026-03-01,0.7,8.5,1573160.0,-0.25,1.155831818181818,3.59
2026-03-01,0.7,8.2,1573160.0,-0.25,1.155831818181818,3.59
2026-04-01,0.7,8.1,1573564.0,-0.25,1.17064,3.62
2026-04-01,0.7,8.6,1573564.0,-0.25,1.17064,3.62
2026-04-01,0.7,8.3,1573564.0,-0.25,1.17064,3.62
2026-05-01,0.7,8.2,1573634.0,-0.25,1.16732,3.64
2026-05-01,0.7,8.6,1573634.0,-0.25,1.16732,3.64
2026-05-01,0.7,8.4,1573634.0,-0.25,1.16732,3.64
2026-06-01,0.7,8.2,1579642.0,0.25,1.1518,3.79
2026-06-01,0.7,8.4,1579642.0,0.25,1.1518,3.79
2026-06-01,0.7,8.3,1579642.0,0.25,1.1518,3.79
2026-07-01,0.7,8.2,1585735.0,0.25,1.1417478260869562,3.8
2026-07-01,0.7,8.4,1585735.0,0.25,1.1417478260869562,3.8
2026-07-01,0.7,8.3,1585735.0,0.25,1.1417478260869562,3.8
2026-08-01,0.7,8.3,1585735.0,0.25,1.159309523809524,3.8
2026-08-01,0.7,8.3,1585735.0,0.25,1.159309523809524,3.8
2026-08-01,0.7,8.3,1585735.0,0.25,1.159309523809524,3.8
2019-01-01,0.9,11.2,627178.0,-0.1,1.1416409090909,1.63
2019-01-01,0.9,9.6,627178.0,-0.1,1.1416409090909,1.63
2019-01-01,0.9,10.3,627178.0,-0.1,1.1416409090909,1.63
2019-02-01,1.1,11.6,627771.0,-0.1,1.135115,1.65
2019-02-01,1.1,9.5,627771.0,-0.1,1.135115,1.65
2019-02-01,1.1,10.4,627771.0,-0.1,1.135115,1.65
2019-03-01,1.1,11.0,627567.0,-0.1,1.1302476190476,1.65
2019-03-01,1.1,9.5,627567.0,-0.1,1.1302476190476,1.65
2019-03-01,1.1,10.2,627567.0,-0.1,1.1302476190476,1.65
2019-04-01,1.1,11.5,628559.0,-0.1,1.123825,1.62
2019-04-01,1.1,9.5,628559.0,-0.1,1.123825,1.62
2019-04-01,1.1,10.4,628559.0,-0.1,1.123825,1.62
2019-05-01,0.9,11.0,630132.0,-0.1,1.1184590909091,1.57
2019-05-01,0.9,9.3,630132.0,-0.1,1.1184590909091,1.57
2019-05-01,0.9,10.0,630132.0,-0.1,1.1184590909091,1.57
2019-06-01,0.8,10.7,631339.0,-0.1,1.12934,1.55
2019-06-01,0.8,8.8,631339.0,-0.1,1.12934,1.55
2019-06-01,0.8,9.6,631339.0,-0.1,1.12934,1.55
2019-07-01,0.3,10.7,633556.0,-0.1,1.1218391304348,1.57
2019-07-01,0.3,8.7,633556.0,-0.1,1.1218391304348,1.57
2019-07-01,0.3,9.6,633556.0,-0.1,1.1218391304348,1.57
2019-08-01,0.5,10.6,631468.0,-0.1,1.1126227272727,1.52
2019-08-01,0.5,8.7,631468.0,-0.1,1.1126227272727,1.52
2019-08-01,0.5,9.5,631468.0,-0.1,1.1126227272727,1.52
2019-09-01,0.2,10.9,632656.0,-0.1,1.1003904761905,1.54
2019-09-01,0.2,9.0,632656.0,-0.1,1.1003904761905,1.54
2019-09-01,0.2,9.8,632656.0,-0.1,1.1003904761905,1.54
2019-10-01,0.2,11.0,634387.0,-0.1,1.1052565217391,1.56
2019-10-01,0.2,8.3,634387.0,-0.1,1.1052565217391,1.56
2019-10-01,0.2,9.5,634387.0,-0.1,1.1052565217391,1.56
2019-11-01,0.2,11.3,632514.0,-0.1,1.1050952380952,1.55
2019-11-01,0.2,8.7,632514.0,-0.1,1.1050952380952,1.55
2019-11-01,0.2,9.8,632514.0,-0.1,1.1050952380952,1.55
2019-12-01,0.5,10.9,630998.0,-0.1,1.111345,1.56
2019-12-01,0.5,8.9,630998.0,-0.1,1.111345,1.56
2019-12-01,0.5,9.8,630998.0,-0.1,1.111345,1.56
2020-01-01,0.4,11.3,631405.0,-0.1,1.1100363636364,1.55
2020-01-01,0.4,8.3,631405.0,-0.1,1.1100363636364,1.55
2020-01-01,0.4,9.6,631405.0,-0.1,1.1100363636364,1.55
2020-02-01,0.2,10.6,631814.0,-0.1,1.0905,1.52
2020-02-01,0.2,8.6,631814.0,-0.1,1.0905,1.52
2020-02-01,0.2,9.5,631814.0,-0.1,1.0905,1.52
2020-03-01,0.1,8.0,629545.0,-0.1,1.1063409090909,1.46
2020-03-01,0.1,7.2,629545.0,-0.1,1.1063409090909,1.46
2020-03-01,0.1,7.6,629545.0,-0.1,1.1063409090909,1.46
2020-04-01,0.1,8.1,626731.0,-0.1,1.08619,1.47
2020-04-01,0.1,7.4,626731.0,-0.1,1.08619,1.47
2020-04-01,0.1,7.7,626731.0,-0.1,1.08619,1.47
2020-05-01,-0.3,9.8,629791.0,-0.1,1.090185,1.46
2020-05-01,-0.3,8.0,629791.0,-0.1,1.090185,1.46
2020-05-01,-0.3,8.8,629791.0,-0.1,1.090185,1.46
2020-06-01,-0.4,10.4,632785.0,-0.1,1.1254590909091,1.5
2020-06-01,-0.4,8.9,632785.0,-0.1,1.1254590909091,1.5
2020-06-01,-0.4,9.5,632785.0,-0.1,1.1254590909091,1.5
2020-07-01,0.8,11.2,635034.0,-0.1,1.1463391304348,1.52
2020-07-01,0.8,9.4,635034.0,-0.1,1.1463391304348,1.52
2020-07-01,0.8,10.2,635034.0,-0.1,1.1463391304348,1.52
2020-08-01,-0.5,11.3,634521.0,-0.1,1.1828095238095,1.51
2020-08-01,-0.5,9.3,634521.0,-0.1,1.1828095238095,1.51
2020-08-01,-0.5,10.1,634521.0,-0.1,1.1828095238095,1.51
2020-09-01,-1.0,11.2,637363.0,-0.1,1.1792409090909,1.52
2020-09-01,-1.0,9.1,637363.0,-0.1,1.1792409090909,1.52
2020-09-01,-1.0,10.0,637363.0,-0.1,1.1792409090909,1.52
2020-10-01,-0.6,10.9,639710.0,-0.1,1.1775181818182,1.54
2020-10-01,-0.6,9.3,639710.0,-0.1,1.1775181818182,1.54
2020-10-01,-0.6,10.0,639710.0,-0.1,1.1775181818182,1.54
2020-11-01,-0.3,10.5,642374.0,-0.1,1.1837904761905,1.52
2020-11-01,-0.3,8.8,642374.0,-0.1,1.1837904761905,1.52
2020-11-01,-0.3,9.5,642374.0,-0.1,1.1837904761905,1.52
2020-12-01,-0.3,11.0,641225.0,-0.1,1.2169727272727,1.51
2020-12-01,-0.3,8.8,641225.0,-0.1,1.2169727272727,1.51
2020-12-01,-0.3,9.8,641225.0,-0.1,1.2169727272727,1.51
2021-01-01,0.7,11.0,640979.0,-0.1,1.217085,1.5
2021-01-01,0.7,9.5,640979.0,-0.1,1.217085,1.5
2021-01-01,0.7,10.1,640979.0,-0.1,1.217085,1.5
2021-02-01,1.0,11.2,642685.0,-0.1,1.20979,1.49
2021-02-01,1.0,9.3,642685.0,-0.1,1.20979,1.49
2021-02-01,1.0,10.2,642685.0,-0.1,1.20979,1.49
2021-03-01,0.6,11.2,646276.0,-0.1,1.1899086956522,1.4
2021-03-01,0.6,9.3,646276.0,-0.1,1.1899086956522,1.4
2021-03-01,0.6,10.1,646276.0,-0.1,1.1899086956522,1.4
2021-04-01,1.0,11.5,646308.0,-0.1,1.19791,1.56
2021-04-01,1.0,9.4,646308.0,-0.1,1.19791,1.56
2021-04-01,1.0,10.3,646308.0,-0.1,1.19791,1.56
2021-05-01,1.2,10.8,648353.0,-0.1,1.2145904761905,1.47
2021-05-01,1.2,9.2,648353.0,-0.1,1.2145904761905,1.47
2021-05-01,1.2,9.9,648353.0,-0.1,1.2145904761905,1.47
2021-06-01,1.3,10.7,651266.0,-0.1,1.2047090909091,1.47
2021-06-01,1.3,8.6,651266.0,-0.1,1.2047090909091,1.47
2021-06-01,1.3,9.5,651266.0,-0.1,1.2047090909091,1.47
2021-07-01,1.0,10.3,657170.0,-0.1,1.1821818181818,1.48
2021-07-01,1.0,8.2,657170.0,-0.1,1.1821818181818,1.48
2021-07-01,1.0,9.1,657170.0,-0.1,1.1821818181818,1.48
2021-08-01,2.5,10.4,655280.0,-0.1,1.1771818181818,1.44
2021-08-01,2.5,8.2,655280.0,-0.1,1.1771818181818,1.44
2021-08-01,2.5,9.1,655280.0,-0.1,1.1771818181818,1.44
2021-09-01,2.9,10.3,656887.0,-0.1,1.1770318181818,1.49
2021-09-01,2.9,8.2,656887.0,-0.1,1.1770318181818,1.49
2021-09-01,2.9,9.1,656887.0,-0.1,1.1770318181818,1.49
2021-10-01,3.2,10.3,659934.0,-0.1,1.1601476190476,1.44
2021-10-01,3.2,8.2,659934.0,-0.1,1.1601476190476,1.44
2021-10-01,3.2,9.1,659934.0,-0.1,1.1601476190476,1.44
2021-11-01,3.9,10.2,663855.0,-0.1,1.1414045454545,1.39
2021-11-01,3.9,8.2,663855.0,-0.1,1.1414045454545,1.39
2021-11-01,3.9,9.1,663855.0,-0.1,1.1414045454545,1.39
2021-12-01,4.2,9.9,663501.0,-0.1,1.1303782608696,1.36
2021-12-01,4.2,8.2,663501.0,-0.1,1.1303782608696,1.36
2021-12-01,4.2,8.9,663501.0,-0.1,1.1303782608696,1.36
2022-01-01,5.1,9.7,663952.0,-0.1,1.1314476190476,1.43
2022-01-01,5.1,7.7,663952.0,-0.1,1.1314476190476,1.43
2022-01-01,5.1,8.5,663952.0,-0.1,1.1314476190476,1.43
2022-02-01,6.2,9.8,665869.0,-0.1,1.13419,1.42
2022-02-01,6.2,7.3,665869.0,-0.1,1.13419,1.42
2022-02-01,6.2,8.3,665869.0,-0.1,1.13419,1.42
2022-03-01,6.8,9.4,669940.0,-0.1,1.1018956521739,1.49
2022-03-01,6.8,7.4,669940.0,-0.1,1.1018956521739,1.49
2022-03-01,6.8,8.3,669940.0,-0.1,1.1018956521739,1.49
2022-04-01,6.3,9.5,670294.0,-0.1,1.0818736842105,1.51
2022-04-01,6.3,7.1,670294.0,-0.1,1.0818736842105,1.51
2022-04-01,6.3,8.1,670294.0,-0.1,1.0818736842105,1.51
2022-05-01,7.3,9.4,673568.0,-0.1,1.05785,1.55
2022-05-01,7.3,7.1,673568.0,-0.1,1.05785,1.55
2022-05-01,7.3,8.1,673568.0,-0.1,1.05785,1.55
2022-06-01,8.5,9.4,675955.0,-0.1,1.0565818181818,1.83
2022-06-01,8.5,7.3,675955.0,-0.1,1.0565818181818,1.83
2022-06-01,8.5,8.2,675955.0,-0.1,1.0565818181818,1.83
2022-07-01,8.4,9.2,678721.0,0.5,1.0178904761905,1.79
2022-07-01,8.4,7.1,678721.0,0.5,1.0178904761905,1.79
2022-07-01,8.4,8.0,678721.0,0.5,1.0178904761905,1.79
2022-08-01,9.1,9.5,677497.0,0.5,1.0128434782609,1.87
2022-08-01,9.1,7.1,677497.0,0.5,1.0128434782609,1.87
2022-08-01,9.1,8.1,677497.0,0.5,1.0128434782609,1.87
2022-09-01,9.4,9.1,680156.0,0.75,0.9903772727273,2.4
2022-09-01,9.4,7.1,680156.0,0.75,0.9903772727273,2.4
2022-09-01,9.4,8.0,680156.0,0.75,0.9903772727273,2.4
2022-10-01,12.6,9.0,681045.0,0.75,0.9825666666667,2.72
2022-10-01,12.6,6.9,681045.0,0.75,0.9825666666667,2.72
2022-10-01,12.6,7.8,681045.0,0.75,0.9825666666667,2.72
2022-11-01,12.6,9.1,682556.0,0.75,1.0201272727273,3.11
2022-11-01,12.6,6.9,682556.0,0.75,1.0201272727273,3.11
2022-11-01,12.6,7.8,682556.0,0.75,1.0201272727273,3.11
2022-12-01,12.3,9.2,681392.0,0.5,1.058880952381,3.41
2022-12-01,12.3,6.9,681392.0,0.5,1.058880952381,3.41
2022-12-01,12.3,7.9,681392.0,0.5,1.058880952381,3.41
2023-01-01,10.7,9.3,681364.0,0.5,1.0769,3.64
2023-01-01,10.7,6.8,681364.0,0.5,1.0769,3.64
2023-01-01,10.7,7.9,681364.0,0.5,1.0769,3.64
2023-02-01,9.8,8.9,679964.0,0.5,1.07151,3.86
2023-02-01,9.8,7.0,679964.0,0.5,1.07151,3.86
2023-02-01,9.8,7.8,679964.0,0.5,1.07151,3.86
2023-03-01,8.1,8.9,679751.0,0.5,1.0705826086957,4.22
2023-03-01,8.1,7.1,679751.0,0.5,1.0705826086957,4.22
2023-03-01,8.1,7.9,679751.0,0.5,1.0705826086957,4.22
2023-04-01,8.6,8.8,677417.0,0.5,1.0967722222222,4.39
2023-04-01,8.6,7.1,677417.0,0.5,1.0967722222222,4.39
2023-04-01,8.6,7.9,677417.0,0.5,1.0967722222222,4.39
2023-05-01,8.0,9.0,676995.0,0.25,1.08675,4.58
2023-05-01,8.0,6.9,676995.0,0.25,1.08675,4.58
2023-05-01,8.0,7.8,676995.0,0.25,1.08675,4.58
2023-06-01,6.7,8.6,676605.0,0.25,1.0839863636364,4.78
2023-06-01,6.7,6.7,676605.0,0.25,1.0839863636364,4.78
2023-06-01,6.7,7.5,676605.0,0.25,1.0839863636364,4.78
2023-07-01,6.3,9.1,676188.0,0.25,1.1058142857143,4.95
2023-07-01,6.3,6.8,676188.0,0.25,1.1058142857143,4.95
2023-07-01,6.3,7.8,676188.0,0.25,1.1058142857143,4.95
2023-08-01,5.5,8.7,673354.0,0.25,1.0908869565217,5.01
2023-08-01,5.5,6.8,673354.0,0.25,1.0908869565217,5.01
2023-08-01,5.5,7.6,673354.0,0.25,1.0908869565217,5.01
2023-09-01,5.6,8.9,673358.0,0.25,1.068380952381,5.11
2023-09-01,5.6,6.8,673358.0,0.25,1.068380952381,5.11
2023-09-01,5.6,7.7,673358.0,0.25,1.068380952381,5.11
2023-10-01,1.8,8.9,672909.0,0.25,1.0562545454545,5.28
2023-10-01,1.8,6.8,672909.0,0.25,1.0562545454545,5.28
2023-10-01,1.8,7.7,672909.0,0.25,1.0562545454545,5.28
2023-11-01,0.6,8.6,673378.0,0.25,1.0808227272727,5.25
2023-11-01,0.6,6.7,673378.0,0.25,1.0808227272727,5.25
2023-11-01,0.6,7.5,673378.0,0.25,1.0808227272727,5.25
2023-12-01,0.5,8.1,671248.0,0.25,1.0903052631579,5.24
2023-12-01,0.5,6.3,671248.0,0.25,1.0903052631579,5.24
2023-12-01,0.5,7.1,671248.0,0.25,1.0903052631579,5.24
2024-01-01,0.9,8.0,669164.0,0.25,1.0905136363636,5.19
2024-01-01,0.9,6.4,669164.0,0.25,1.0905136363636,5.19
2024-01-01,0.9,7.1,669164.0,0.25,1.0905136363636,5.19
2024-02-01,0.8,8.3,667634.0,0.25,1.0794714285714,5.16
2024-02-01,0.8,6.5,667634.0,0.25,1.0794714285714,5.16
2024-02-01,0.8,7.3,667634.0,0.25,1.0794714285714,5.16
2024-03-01,1.2,8.1,667637.0,0.25,1.08722,5.2
2024-03-01,1.2,6.0,667637.0,0.25,1.08722,5.2
2024-03-01,1.2,6.9,667637.0,0.25,1.08722,5.2
2024-04-01,0.9,7.7,667145.0,0.25,1.0727761904762,5.2
2024-04-01,0.9,6.1,667145.0,0.25,1.0727761904762,5.2
2024-04-01,0.9,6.8,667145.0,0.25,1.0727761904762,5.2
2024-05-01,0.8,7.5,665167.0,0.25,1.0812227272727,5.12
2024-05-01,0.8,5.8,665167.0,0.25,1.0812227272727,5.12
2024-05-01,0.8,6.5,665167.0,0.25,1.0812227272727,5.12
2024-06-01,0.9,7.6,665251.0,-0.25,1.0759,5.08
2024-06-01,0.9,6.0,665251.0,-0.25,1.0759,5.08
2024-06-01,0.9,6.7,665251.0,-0.25,1.0759,5.08
2024-07-01,1.6,6.9,666844.0,-0.25,1.0844086956522,5.06
2024-07-01,1.6,6.0,666844.0,-0.25,1.0844086956522,5.06
2024-07-01,1.6,6.4,666844.0,-0.25,1.0844086956522,5.06
2024-08-01,1.2,7.1,664089.0,-0.25,1.1012181818182,5.01
2024-08-01,1.2,5.8,664089.0,-0.25,1.1012181818182,5.01
2024-08-01,1.2,6.4,664089.0,-0.25,1.1012181818182,5.01
2024-09-01,0.7,6.8,665506.0,-0.25,1.1106,4.8
2024-09-01,0.7,5.5,665506.0,-0.25,1.1106,4.8
2024-09-01,0.7,6.1,665506.0,-0.25,1.1106,4.8
2024-10-01,1.0,6.8,667041.0,-0.25,1.0904347826087,4.67
2024-10-01,1.0,5.5,667041.0,-0.25,1.0904347826087,4.67
2024-10-01,1.0,6.1,667041.0,-0.25,1.0904347826087,4.67
2024-11-01,1.5,6.9,668454.0,-0.25,1.0630142857143,4.52
2024-11-01,1.5,5.7,668454.0,-0.25,1.0630142857143,4.52
2024-11-01,1.5,6.2,668454.0,-0.25,1.0630142857143,4.52
2024-12-01,1.4,7.3,668838.0,-0.25,1.047875,4.36
2024-12-01,1.4,5.7,668838.0,-0.25,1.047875,4.36
2024-12-01,1.4,6.4,668838.0,-0.25,1.047875,4.36
2025-01-01,1.7,7.3,668085.0,-0.25,1.0353727272727,4.25
2025-01-01,1.7,5.9,668085.0,-0.25,1.0353727272727,4.25
2025-01-01,1.7,6.5,668085.0,-0.25,1.0353727272727,4.25
2025-02-01,1.7,6.9,668503.0,-0.25,1.04125,4.11
2025-02-01,1.7,5.5,668503.0,-0.25,1.04125,4.11
2025-02-01,1.7,6.1,668503.0,-0.25,1.04125,4.11
2025-03-01,2.1,6.8,671074.0,-0.25,1.080680952381,3.94
2025-03-01,2.1,5.9,671074.0,-0.25,1.080680952381,3.94
2025-03-01,2.1,6.3,671074.0,-0.25,1.080680952381,3.94
2025-04-01,2.0,6.9,672162.0,-0.25,1.121395,3.8
2025-04-01,2.0,5.7,672162.0,-0.25,1.121395,3.8
2025-04-01,2.0,6.2,672162.0,-0.25,1.121395,3.8
2025-05-01,1.7,7.1,674264.0,-0.25,1.1278047619047618,3.66
2025-05-01,1.7,6.0,674264.0,-0.25,1.1278047619047618,3.66
2025-05-01,1.7,6.4,674264.0,-0.25,1.1278047619047618,3.66
2025-06-01,1.8,6.6,675755.0,-0.25,1.1516190476190478,3.61
2025-06-01,1.8,5.4,675755.0,-0.25,1.1516190476190478,3.61
2025-06-01,1.8,5.9,675755.0,-0.25,1.1516190476190478,3.61
2025-07-01,1.7,6.5,678774.0,-0.25,1.1676869565217392,3.52
2025-07-01,1.7,5.4,678774.0,-0.25,1.1676869565217392,3.52
2025-07-01,1.7,5.9,678774.0,-0.25,1.1676869565217392,3.52
2025-08-01,1.6,6.5,676150.0,-0.25,1.1631428571428577,3.46
2025-08-01,1.6,5.5,676150.0,-0.25,1.1631428571428577,3.46
2025-08-01,1.6,5.9,676150.0,-0.25,1.1631428571428577,3.46
2025-09-01,1.8,6.5,678760.0,-0.25,1.1732227272727274,3.5
2025-09-01,1.8,5.6,678760.0,-0.25,1.1732227272727274,3.5
2025-09-01,1.8,6.0,678760.0,-0.25,1.1732227272727274,3.5
2025-10-01,1.3,6.3,681184.0,-0.25,1.1630434782608696,3.51
2025-10-01,1.3,5.5,681184.0,-0.25,1.1630434782608696,3.51
2025-10-01,1.3,5.8,681184.0,-0.25,1.1630434782608696,3.51
2025-11-01,1.1,6.2,683751.0,-0.25,1.15602,3.5
2025-11-01,1.1,5.4,683751.0,-0.25,1.15602,3.5
2025-11-01,1.1,5.7,683751.0,-0.25,1.15602,3.5
2025-12-01,1.2,6.1,684853.0,-0.25,1.1708714285714283,3.57
2025-12-01,1.2,5.3,684853.0,-0.25,1.1708714285714283,3.57
2025-12-01,1.2,5.7,684853.0,-0.25,1.1708714285714283,3.57
2026-01-01,1.2,6.0,684442.0,-0.25,1.1738238095238096,3.57
2026-01-01,1.2,5.1,684442.0,-0.25,1.1738238095238096,3.57
2026-01-01,1.2,5.5,684442.0,-0.25,1.1738238095238096,3.57
2026-02-01,1.2,6.0,685254.0,-0.25,1.182395,3.51
2026-02-01,1.2,5.2,685254.0,-0.25,1.182395,3.51
2026-02-01,1.2,5.6,685254.0,-0.25,1.182395,3.51
2026-03-01,1.2,6.1,688773.0,-0.25,1.155831818181818,3.59
2026-03-01,1.2,5.1,688773.0,-0.25,1.155831818181818,3.59
2026-03-01,1.2,5.5,688773.0,-0.25,1.155831818181818,3.59
2026-04-01,1.2,6.1,689838.0,-0.25,1.17064,3.62
2026-04-01,1.2,5.1,689838.0,-0.25,1.17064,3.62
2026-04-01,1.2,5.5,689838.0,-0.25,1.17064,3.62
2026-05-01,1.2,6.0,691897.0,-0.25,1.16732,3.64
2026-05-01,1.2,5.1,691897.0,-0.25,1.16732,3.64
2026-05-01,1.2,5.4,691897.0,-0.25,1.16732,3.64
2026-06-01,1.2,6.4,694486.0,0.25,1.1518,3.79
2026-06-01,1.2,5.4,694486.0,0.25,1.1518,3.79
2026-06-01,1.2,5.8,694486.0,0.25,1.1518,3.79
2026-07-01,1.2,6.6,697026.0,0.25,1.1417478260869562,3.8
2026-07-01,1.2,5.2,697026.0,0.25,1.1417478260869562,3.8
2026-07-01,1.2,5.8,697026.0,0.25,1.1417478260869562,3.8
2026-08-01,1.2,5.8,697026.0,0.25,1.159309523809524,3.8
2026-08-01,1.2,5.8,697026.0,0.25,1.159309523809524,3.8
2026-08-01,1.2,5.8,697026.0,0.25,1.159309523809524,3.8
2019-01-01,2.0,4.9,513570.0,-0.1,1.1416409090909,1.63
2019-01-01,2.0,4.4,513570.0,-0.1,1.1416409090909,1.63
2019-01-01,2.0,4.6,513570.0,-0.1,1.1416409090909,1.63
2019-02-01,2.6,4.7,515459.0,-0.1,1.135115,1.65
2019-02-01,2.6,4.2,515459.0,-0.1,1.135115,1.65
2019-02-01,2.6,4.4,515459.0,-0.1,1.135115,1.65
2019-03-01,2.9,4.6,515947.0,-0.1,1.1302476190476,1.65
2019-03-01,2.9,4.2,515947.0,-0.1,1.1302476190476,1.65
2019-03-01,2.9,4.4,515947.0,-0.1,1.1302476190476,1.65
2019-04-01,3.0,4.4,516098.0,-0.1,1.123825,1.62
2019-04-01,3.0,4.2,516098.0,-0.1,1.123825,1.62
2019-04-01,3.0,4.3,516098.0,-0.1,1.123825,1.62
2019-05-01,2.3,4.4,516254.0,-0.1,1.1184590909091,1.57
2019-05-01,2.3,4.2,516254.0,-0.1,1.1184590909091,1.57
2019-05-01,2.3,4.3,516254.0,-0.1,1.1184590909091,1.57
2019-06-01,2.7,4.5,516704.0,-0.1,1.12934,1.55
2019-06-01,2.7,4.3,516704.0,-0.1,1.12934,1.55
2019-06-01,2.7,4.4,516704.0,-0.1,1.12934,1.55
2019-07-01,2.6,4.6,517868.0,-0.1,1.1218391304348,1.57
2019-07-01,2.6,4.3,517868.0,-0.1,1.1218391304348,1.57
2019-07-01,2.6,4.4,517868.0,-0.1,1.1218391304348,1.57
2019-08-01,3.1,4.7,518623.0,-0.1,1.1126227272727,1.52
2019-08-01,3.1,4.4,518623.0,-0.1,1.1126227272727,1.52
2019-08-01,3.1,4.5,518623.0,-0.1,1.1126227272727,1.52
2019-09-01,2.7,4.6,519714.0,-0.1,1.1003904761905,1.54
2019-09-01,2.7,4.4,519714.0,-0.1,1.1003904761905,1.54
2019-09-01,2.7,4.5,519714.0,-0.1,1.1003904761905,1.54
2019-10-01,2.8,4.5,519711.0,-0.1,1.1052565217391,1.56
2019-10-01,2.8,4.5,519711.0,-0.1,1.1052565217391,1.56
2019-10-01,2.8,4.5,519711.0,-0.1,1.1052565217391,1.56
2019-11-01,2.6,4.5,519661.0,-0.1,1.1050952380952,1.55
2019-11-01,2.6,4.6,519661.0,-0.1,1.1050952380952,1.55
2019-11-01,2.6,4.5,519661.0,-0.1,1.1050952380952,1.55
2019-12-01,2.8,4.3,524282.0,-0.1,1.111345,1.56
2019-12-01,2.8,4.3,524282.0,-0.1,1.111345,1.56
2019-12-01,2.8,4.3,524282.0,-0.1,1.111345,1.56
2020-01-01,1.7,4.1,524678.0,-0.1,1.1100363636364,1.55
2020-01-01,1.7,4.0,524678.0,-0.1,1.1100363636364,1.55
2020-01-01,1.7,4.1,524678.0,-0.1,1.1100363636364,1.55
2020-02-01,1.3,4.2,524665.0,-0.1,1.0905,1.52
2020-02-01,1.3,3.8,524665.0,-0.1,1.0905,1.52
2020-02-01,1.3,4.0,524665.0,-0.1,1.0905,1.52
2020-03-01,1.1,4.2,524572.0,-0.1,1.1063409090909,1.46
2020-03-01,1.1,3.9,524572.0,-0.1,1.1063409090909,1.46
2020-03-01,1.1,4.1,524572.0,-0.1,1.1063409090909,1.46
2020-04-01,1.0,4.5,524336.0,-0.1,1.08619,1.47
2020-04-01,1.0,4.5,524336.0,-0.1,1.08619,1.47
2020-04-01,1.0,4.5,524336.0,-0.1,1.08619,1.47
2020-05-01,1.1,4.8,525036.0,-0.1,1.090185,1.46
2020-05-01,1.1,4.5,525036.0,-0.1,1.090185,1.46
2020-05-01,1.1,4.6,525036.0,-0.1,1.090185,1.46
2020-06-01,1.7,5.6,525038.0,-0.1,1.1254590909091,1.5
2020-06-01,1.7,5.1,525038.0,-0.1,1.1254590909091,1.5
2020-06-01,1.7,5.4,525038.0,-0.1,1.1254590909091,1.5
2020-07-01,1.6,6.0,525066.0,-0.1,1.1463391304348,1.52
2020-07-01,1.6,5.1,525066.0,-0.1,1.1463391304348,1.52
2020-07-01,1.6,5.5,525066.0,-0.1,1.1463391304348,1.52
2020-08-01,0.3,6.1,524943.0,-0.1,1.1828095238095,1.51
2020-08-01,0.3,5.1,524943.0,-0.1,1.1828095238095,1.51
2020-08-01,0.3,5.5,524943.0,-0.1,1.1828095238095,1.51
2020-09-01,1.0,5.8,526308.0,-0.1,1.1792409090909,1.52
2020-09-01,1.0,5.0,526308.0,-0.1,1.1792409090909,1.52
2020-09-01,1.0,5.4,526308.0,-0.1,1.1792409090909,1.52
2020-10-01,1.2,5.8,526788.0,-0.1,1.1775181818182,1.54
2020-10-01,1.2,4.9,526788.0,-0.1,1.1775181818182,1.54
2020-10-01,1.2,5.3,526788.0,-0.1,1.1775181818182,1.54
2020-11-01,0.7,5.3,527772.0,-0.1,1.1837904761905,1.52
2020-11-01,0.7,4.8,527772.0,-0.1,1.1837904761905,1.52
2020-11-01,0.7,5.0,527772.0,-0.1,1.1837904761905,1.52
2020-12-01,0.9,5.1,537504.0,-0.1,1.2169727272727,1.51
2020-12-01,0.9,4.8,537504.0,-0.1,1.2169727272727,1.51
2020-12-01,0.9,4.9,537504.0,-0.1,1.2169727272727,1.51
2021-01-01,1.6,4.9,537840.0,-0.1,1.217085,1.5
2021-01-01,1.6,4.5,537840.0,-0.1,1.217085,1.5
2021-01-01,1.6,4.7,537840.0,-0.1,1.217085,1.5
2021-02-01,1.9,4.9,538517.0,-0.1,1.20979,1.49
2021-02-01,1.9,4.5,538517.0,-0.1,1.20979,1.49
2021-02-01,1.9,4.7,538517.0,-0.1,1.20979,1.49
2021-03-01,1.9,4.8,541270.0,-0.1,1.1899086956522,1.4
2021-03-01,1.9,4.3,541270.0,-0.1,1.1899086956522,1.4
2021-03-01,1.9,4.6,541270.0,-0.1,1.1899086956522,1.4
2021-04-01,1.7,4.8,542539.0,-0.1,1.19791,1.56
2021-04-01,1.7,4.2,542539.0,-0.1,1.19791,1.56
2021-04-01,1.7,4.5,542539.0,-0.1,1.19791,1.56
2021-05-01,2.0,4.7,543298.0,-0.1,1.2145904761905,1.47
2021-05-01,2.0,4.1,543298.0,-0.1,1.2145904761905,1.47
2021-05-01,2.0,4.4,543298.0,-0.1,1.2145904761905,1.47
2021-06-01,1.7,4.5,544672.0,-0.1,1.2047090909091,1.47
2021-06-01,1.7,3.9,544672.0,-0.1,1.2047090909091,1.47
2021-06-01,1.7,4.2,544672.0,-0.1,1.2047090909091,1.47
2021-07-01,1.4,4.4,548617.0,-0.1,1.1821818181818,1.48
2021-07-01,1.4,3.8,548617.0,-0.1,1.1821818181818,1.48
2021-07-01,1.4,4.1,548617.0,-0.1,1.1821818181818,1.48
2021-08-01,2.7,4.5,549147.0,-0.1,1.1771818181818,1.44
2021-08-01,2.7,3.9,549147.0,-0.1,1.1771818181818,1.44
2021-08-01,2.7,4.2,549147.0,-0.1,1.1771818181818,1.44
2021-09-01,3.0,4.4,550923.0,-0.1,1.1770318181818,1.49
2021-09-01,3.0,3.8,550923.0,-0.1,1.1770318181818,1.49
2021-09-01,3.0,4.1,550923.0,-0.1,1.1770318181818,1.49
2021-10-01,3.7,4.3,550291.0,-0.1,1.1601476190476,1.44
2021-10-01,3.7,3.6,550291.0,-0.1,1.1601476190476,1.44
2021-10-01,3.7,3.9,550291.0,-0.1,1.1601476190476,1.44
2021-11-01,5.9,3.9,551474.0,-0.1,1.1414045454545,1.39
2021-11-01,5.9,3.5,551474.0,-0.1,1.1414045454545,1.39
2021-11-01,5.9,3.7,551474.0,-0.1,1.1414045454545,1.39
2021-12-01,6.4,4.0,551031.0,-0.1,1.1303782608696,1.36
2021-12-01,6.4,3.6,551031.0,-0.1,1.1303782608696,1.36
2021-12-01,6.4,3.8,551031.0,-0.1,1.1303782608696,1.36
2022-01-01,7.6,3.9,563626.0,-0.1,1.1314476190476,1.43
2022-01-01,7.6,3.4,563626.0,-0.1,1.1314476190476,1.43
2022-01-01,7.6,3.6,563626.0,-0.1,1.1314476190476,1.43
2022-02-01,7.3,3.6,564323.0,-0.1,1.13419,1.42
2022-02-01,7.3,3.3,564323.0,-0.1,1.13419,1.42
2022-02-01,7.3,3.4,564323.0,-0.1,1.13419,1.42
2022-03-01,11.7,3.6,566785.0,-0.1,1.1018956521739,1.49
2022-03-01,11.7,3.1,566785.0,-0.1,1.1018956521739,1.49
2022-03-01,11.7,3.3,566785.0,-0.1,1.1018956521739,1.49
2022-04-01,11.2,3.4,568957.0,-0.1,1.0818736842105,1.51
2022-04-01,11.2,3.0,568957.0,-0.1,1.0818736842105,1.51
2022-04-01,11.2,3.2,568957.0,-0.1,1.0818736842105,1.51
2022-05-01,10.2,3.6,570691.0,-0.1,1.05785,1.55
2022-05-01,10.2,3.0,570691.0,-0.1,1.05785,1.55
2022-05-01,10.2,3.3,570691.0,-0.1,1.05785,1.55
2022-06-01,9.9,3.6,580332.0,-0.1,1.0565818181818,1.83
2022-06-01,9.9,3.3,580332.0,-0.1,1.0565818181818,1.83
2022-06-01,9.9,3.4,580332.0,-0.1,1.0565818181818,1.83
2022-07-01,11.6,3.8,582675.0,0.5,1.0178904761905,1.79
2022-07-01,11.6,3.4,582675.0,0.5,1.0178904761905,1.79
2022-07-01,11.6,3.6,582675.0,0.5,1.0178904761905,1.79
2022-08-01,13.7,4.1,583766.0,0.5,1.0128434782609,1.87
2022-08-01,13.7,3.6,583766.0,0.5,1.0128434782609,1.87
2022-08-01,13.7,3.8,583766.0,0.5,1.0128434782609,1.87
2022-09-01,17.1,4.1,583254.0,0.75,0.9903772727273,2.4
2022-09-01,17.1,3.6,583254.0,0.75,0.9903772727273,2.4
2022-09-01,17.1,3.8,583254.0,0.75,0.9903772727273,2.4
2022-10-01,16.8,4.0,583846.0,0.75,0.9825666666667,2.72
2022-10-01,16.8,3.4,583846.0,0.75,0.9825666666667,2.72
2022-10-01,16.8,3.7,583846.0,0.75,0.9825666666667,2.72
2022-11-01,11.3,4.0,584758.0,0.75,1.0201272727273,3.11
2022-11-01,11.3,3.3,584758.0,0.75,1.0201272727273,3.11
2022-11-01,11.3,3.6,584758.0,0.75,1.0201272727273,3.11
2022-12-01,11.0,3.9,584173.0,0.5,1.058880952381,3.41
2022-12-01,11.0,3.2,584173.0,0.5,1.058880952381,3.41
2022-12-01,11.0,3.5,584173.0,0.5,1.058880952381,3.41
2023-01-01,8.4,3.9,586249.0,0.5,1.0769,3.64
2023-01-01,8.4,3.2,586249.0,0.5,1.0769,3.64
2023-01-01,8.4,3.6,586249.0,0.5,1.0769,3.64
2023-02-01,8.9,3.8,586409.0,0.5,1.07151,3.86
2023-02-01,8.9,3.3,586409.0,0.5,1.07151,3.86
2023-02-01,8.9,3.5,586409.0,0.5,1.07151,3.86
2023-03-01,4.5,3.9,587124.0,0.5,1.0705826086957,4.22
2023-03-01,4.5,3.3,587124.0,0.5,1.0705826086957,4.22
2023-03-01,4.5,3.5,587124.0,0.5,1.0705826086957,4.22
2023-04-01,5.8,3.7,587666.0,0.5,1.0967722222222,4.39
2023-04-01,5.8,3.1,587666.0,0.5,1.0967722222222,4.39
2023-04-01,5.8,3.4,587666.0,0.5,1.0967722222222,4.39
2023-05-01,6.8,3.8,588461.0,0.25,1.08675,4.58
2023-05-01,6.8,3.2,588461.0,0.25,1.08675,4.58
2023-05-01,6.8,3.5,588461.0,0.25,1.08675,4.58
2023-06-01,6.4,3.7,589139.0,0.25,1.0839863636364,4.78
2023-06-01,6.4,3.3,589139.0,0.25,1.0839863636364,4.78
2023-06-01,6.4,3.5,589139.0,0.25,1.0839863636364,4.78
2023-07-01,5.3,3.7,589710.0,0.25,1.1058142857143,4.95
2023-07-01,5.3,3.5,589710.0,0.25,1.1058142857143,4.95
2023-07-01,5.3,3.6,589710.0,0.25,1.1058142857143,4.95
2023-08-01,3.4,3.7,590265.0,0.25,1.0908869565217,5.01
2023-08-01,3.4,3.5,590265.0,0.25,1.0908869565217,5.01
2023-08-01,3.4,3.6,590265.0,0.25,1.0908869565217,5.01
2023-09-01,-0.3,3.8,591287.0,0.25,1.068380952381,5.11
2023-09-01,-0.3,3.6,591287.0,0.25,1.068380952381,5.11
2023-09-01,-0.3,3.7,591287.0,0.25,1.068380952381,5.11
2023-10-01,-1.0,3.6,590167.0,0.25,1.0562545454545,5.28
2023-10-01,-1.0,3.5,590167.0,0.25,1.0562545454545,5.28
2023-10-01,-1.0,3.6,590167.0,0.25,1.0562545454545,5.28
2023-11-01,1.4,3.6,599057.0,0.25,1.0808227272727,5.25
2023-11-01,1.4,3.5,599057.0,0.25,1.0808227272727,5.25
2023-11-01,1.4,3.5,599057.0,0.25,1.0808227272727,5.25
2023-12-01,1.0,3.6,598498.0,0.25,1.0903052631579,5.24
2023-12-01,1.0,3.5,598498.0,0.25,1.0903052631579,5.24
2023-12-01,1.0,3.6,598498.0,0.25,1.0903052631579,5.24
2024-01-01,3.1,3.8,599333.0,0.25,1.0905136363636,5.19
2024-01-01,3.1,3.5,599333.0,0.25,1.0905136363636,5.19
2024-01-01,3.1,3.6,599333.0,0.25,1.0905136363636,5.19
2024-02-01,2.7,3.9,600521.0,0.25,1.0794714285714,5.16
2024-02-01,2.7,3.6,600521.0,0.25,1.0794714285714,5.16
2024-02-01,2.7,3.7,600521.0,0.25,1.0794714285714,5.16
2024-03-01,3.1,3.8,602308.0,0.25,1.08722,5.2
2024-03-01,3.1,3.5,602308.0,0.25,1.08722,5.2
2024-03-01,3.1,3.6,602308.0,0.25,1.08722,5.2
2024-04-01,2.6,3.8,603693.0,0.25,1.0727761904762,5.2
2024-04-01,2.6,3.6,603693.0,0.25,1.0727761904762,5.2
2024-04-01,2.6,3.7,603693.0,0.25,1.0727761904762,5.2
2024-05-01,2.7,3.7,605621.0,0.25,1.0812227272727,5.12
2024-05-01,2.7,3.5,605621.0,0.25,1.0812227272727,5.12
2024-05-01,2.7,3.6,605621.0,0.25,1.0812227272727,5.12
2024-06-01,3.4,3.8,607833.0,-0.25,1.0759,5.08
2024-06-01,3.4,3.5,607833.0,-0.25,1.0759,5.08
2024-06-01,3.4,3.6,607833.0,-0.25,1.0759,5.08
2024-07-01,3.5,3.8,608709.0,-0.25,1.0844086956522,5.06
2024-07-01,3.5,3.5,608709.0,-0.25,1.0844086956522,5.06
2024-07-01,3.5,3.6,608709.0,-0.25,1.0844086956522,5.06
2024-08-01,3.3,3.9,610899.0,-0.25,1.1012181818182,5.01
2024-08-01,3.3,3.5,610899.0,-0.25,1.1012181818182,5.01
2024-08-01,3.3,3.7,610899.0,-0.25,1.1012181818182,5.01
2024-09-01,3.3,3.9,614349.0,-0.25,1.1106,4.8
2024-09-01,3.3,3.5,614349.0,-0.25,1.1106,4.8
2024-09-01,3.3,3.7,614349.0,-0.25,1.1106,4.8
2024-10-01,3.3,3.9,616134.0,-0.25,1.0904347826087,4.67
2024-10-01,3.3,3.5,616134.0,-0.25,1.0904347826087,4.67
2024-10-01,3.3,3.7,616134.0,-0.25,1.0904347826087,4.67
2024-11-01,3.8,3.9,618414.0,-0.25,1.0630142857143,4.52
2024-11-01,3.8,3.4,618414.0,-0.25,1.0630142857143,4.52
2024-11-01,3.8,3.7,618414.0,-0.25,1.0630142857143,4.52
2024-12-01,3.9,3.9,617635.0,-0.25,1.047875,4.36
2024-12-01,3.9,3.5,617635.0,-0.25,1.047875,4.36
2024-12-01,3.9,3.7,617635.0,-0.25,1.047875,4.36
2025-01-01,3.0,4.0,621172.0,-0.25,1.0353727272727,4.25
2025-01-01,3.0,3.6,621172.0,-0.25,1.0353727272727,4.25
2025-01-01,3.0,3.8,621172.0,-0.25,1.0353727272727,4.25
2025-02-01,3.5,4.0,623519.0,-0.25,1.04125,4.11
2025-02-01,3.5,3.7,623519.0,-0.25,1.04125,4.11
2025-02-01,3.5,3.8,623519.0,-0.25,1.04125,4.11
2025-03-01,3.4,4.1,626365.0,-0.25,1.080680952381,3.94
2025-03-01,3.4,3.7,626365.0,-0.25,1.080680952381,3.94
2025-03-01,3.4,3.9,626365.0,-0.25,1.080680952381,3.94
2025-04-01,4.1,4.0,628929.0,-0.25,1.121395,3.8
2025-04-01,4.1,3.6,628929.0,-0.25,1.121395,3.8
2025-04-01,4.1,3.8,628929.0,-0.25,1.121395,3.8
2025-05-01,2.9,3.9,631792.0,-0.25,1.1278047619047618,3.66
2025-05-01,2.9,3.6,631792.0,-0.25,1.1278047619047618,3.66
2025-05-01,2.9,3.8,631792.0,-0.25,1.1278047619047618,3.66
2025-06-01,2.7,3.9,635008.0,-0.25,1.1516190476190478,3.61
2025-06-01,2.7,3.7,635008.0,-0.25,1.1516190476190478,3.61
2025-06-01,2.7,3.8,635008.0,-0.25,1.1516190476190478,3.61
2025-07-01,2.5,3.9,638163.0,-0.25,1.1676869565217392,3.52
2025-07-01,2.5,3.7,638163.0,-0.25,1.1676869565217392,3.52
2025-07-01,2.5,3.8,638163.0,-0.25,1.1676869565217392,3.52
2025-08-01,2.4,4.0,640833.0,-0.25,1.1631428571428577,3.46
2025-08-01,2.4,3.8,640833.0,-0.25,1.1631428571428577,3.46
2025-08-01,2.4,3.9,640833.0,-0.25,1.1631428571428577,3.46
2025-09-01,3.0,4.2,645107.0,-0.25,1.1732227272727274,3.5
2025-09-01,3.0,3.8,645107.0,-0.25,1.1732227272727274,3.5
2025-09-01,3.0,4.0,645107.0,-0.25,1.1732227272727274,3.5
2025-10-01,3.0,4.1,648321.0,-0.25,1.1630434782608696,3.51
2025-10-01,3.0,3.9,648321.0,-0.25,1.1630434782608696,3.51
2025-10-01,3.0,4.0,648321.0,-0.25,1.1630434782608696,3.51
2025-11-01,2.6,4.1,650531.0,-0.25,1.15602,3.5
2025-11-01,2.6,3.9,650531.0,-0.25,1.15602,3.5
2025-11-01,2.6,4.0,650531.0,-0.25,1.15602,3.5
2025-12-01,2.7,4.1,654421.0,-0.25,1.1708714285714283,3.57
2025-12-01,2.7,3.9,654421.0,-0.25,1.1708714285714283,3.57
2025-12-01,2.7,4.0,654421.0,-0.25,1.1708714285714283,3.57
2026-01-01,2.7,4.1,657144.0,-0.25,1.1738238095238096,3.57
2026-01-01,2.7,4.0,657144.0,-0.25,1.1738238095238096,3.57
2026-01-01,2.7,4.0,657144.0,-0.25,1.1738238095238096,3.57
2026-02-01,2.7,4.2,660445.0,-0.25,1.182395,3.51
2026-02-01,2.7,3.9,660445.0,-0.25,1.182395,3.51
2026-02-01,2.7,4.1,660445.0,-0.25,1.182395,3.51
2026-03-01,2.7,4.1,662949.0,-0.25,1.155831818181818,3.59
2026-03-01,2.7,3.8,662949.0,-0.25,1.155831818181818,3.59
2026-03-01,2.7,4.0,662949.0,-0.25,1.155831818181818,3.59
2026-04-01,2.7,4.0,665917.0,-0.25,1.17064,3.62
2026-04-01,2.7,3.8,665917.0,-0.25,1.17064,3.62
2026-04-01,2.7,3.9,665917.0,-0.25,1.17064,3.62
2026-05-01,2.7,4.0,668347.0,-0.25,1.16732,3.64
2026-05-01,2.7,3.8,668347.0,-0.25,1.16732,3.64
2026-05-01,2.7,3.9,668347.0,-0.25,1.16732,3.64
2026-06-01,2.7,4.0,672354.0,0.25,1.1518,3.79
2026-06-01,2.7,3.8,672354.0,0.25,1.1518,3.79
2026-06-01,2.7,3.8,672354.0,0.25,1.1518,3.79
2026-07-01,2.7,3.9,675787.0,0.25,1.1417478260869562,3.8
2026-07-01,2.7,4.0,675787.0,0.25,1.1417478260869562,3.8
2026-07-01,2.7,4.0,675787.0,0.25,1.1417478260869562,3.8
2026-08-01,2.7,4.0,675787.0,0.25,1.159309523809524,3.8
2026-08-01,2.7,4.0,675787.0,0.25,1.159309523809524,3.8
2026-08-01,2.7,4.0,675787.0,0.25,1.159309523809524,3.8
